DATAFLOW,LAST UPDATE,freq,unit,coicop,geo,TIME_PERIOD,OBS_VALUE,OBS_FLAG,CONF_STATUS
ESTAT:PRC_HICP_AIND(1.0),16/04/25 11:00:00,Annual,Annual average index,All-items HICP,Austria,2015,100.00,,
ESTAT:PRC_HICP_AIND(1.0),16/04/25 11:00:00,Annual,Annual average index,All-items HICP,Austria,2016,100.97,,
ESTAT:PRC_HICP_AIND(1.0),16/04/25 11:00:00,Annual,Annual average index,All-items HICP,Austria,2017,103.22,,
ESTAT:PRC_HICP_AIND(1.0),16/04/25 11:00:00,Annual,Annual average index,All-items HICP,Austria,2018,105.41,,
ESTAT:PRC_HICP_AIND(1.0),16/04/25 11:00:00,Annual,Annual average index,All-items HICP,Austria,2019,106.98,,
ESTAT:PRC_HICP_AIND(1.0),16/04/25 11:00:00,Annual,Annual average index,All-items HICP,Austria,2020,108.47,,
ESTAT:PRC_HICP_AIND(1.0),16/04/25 11:00:00,Annual,Annual average index,All-items HICP,Austria,2021,111.46,,
ESTAT:PRC_HICP_AIND(1.0),16/04/25 11:00:00,Annual,Annual average index,All-items HICP,Austria,2022,121.07,,
ESTAT:PRC_HICP_AIND(1.0),16/04/25 11:00:00,Annual,Annual average index,All-items HICP,Austria,2023,130.40,,
ESTAT:PRC_HICP_AIND(1.0),16/04/25 11:00:00,Annual,Annual average index,All-items HICP,Austria,2024,134.21,,
ESTAT:PRC_HICP_AIND(1.0),16/04/25 11:00:00,Annual,Annual average index,All-items HICP,Belgium,2015,100.00,,
ESTAT:PRC_HICP_AIND(1.0),16/04/25 11:00:00,Annual,Annual average index,All-items HICP,Belgium,2016,101.77,,
ESTAT:PRC_HICP_AIND(1.0),16/04/25 11:00:00,Annual,Annual average index,All-items HICP,Belgium,2017,104.03,,
ESTAT:PRC_HICP_AIND(1.0),16/04/25 11:00:00,Annual,Annual average index,All-items HICP,Belgium,2018,106.44,,
ESTAT:PRC_HICP_AIND(1.0),16/04/25 11:00:00,Annual,Annual average index,All-items HICP,Belgium,2019,107.77,,
ESTAT:PRC_HICP_AIND(1.0),16/04/25 11:00:00,Annual,Annual average index,All-items HICP,Belgium,2020,108.23,,
ESTAT:PRC_HICP_AIND(1.0),16/04/25 11:00:00,Annual,Annual average index,All-items HICP,Belgium,2021,111.71,,
ESTAT:PRC_HICP_AIND(1.0),16/04/25 11:00:00,Annual,Annual average index,All-items HICP,Belgium,2022,123.26,,
ESTAT:PRC_HICP_AIND(1.0),16/04/25 11:00:00,Annual,Annual average index,All-items HICP,Belgium,2023,126.07,,
ESTAT:PRC_HICP_AIND(1.0),16/04/25 11:00:00,Annual,Annual average index,All-items HICP,Belgium,2024,131.52,,
ESTAT:PRC_HICP_AIND(1.0),16/04/25 11:00:00,Annual,Annual average index,All-items HICP,Germany,2015,100.0,,
ESTAT:PRC_HICP_AIND(1.0),16/04/25 11:00:00,Annual,Annual average index,All-items HICP,Germany,2016,100.4,,
ESTAT:PRC_HICP_AIND(1.0),16/04/25 11:00:00,Annual,Annual average index,All-items HICP,Germany,2017,102.1,,
ESTAT:PRC_HICP_AIND(1.0),16/04/25 11:00:00,Annual,Annual average index,All-items HICP,Germany,2018,104.0,,
ESTAT:PRC_HICP_AIND(1.0),16/04/25 11:00:00,Annual,Annual average index,All-items HICP,Germany,2019,105.5,,
ESTAT:PRC_HICP_AIND(1.0),16/04/25 11:00:00,Annual,Annual average index,All-items HICP,Germany,2020,105.8,,
ESTAT:PRC_HICP_AIND(1.0),16/04/25 11:00:00,Annual,Annual average index,All-items HICP,Germany,2021,109.2,,
ESTAT:PRC_HICP_AIND(1.0),16/04/25 11:00:00,Annual,Annual average index,All-items HICP,Germany,2022,118.7,,
ESTAT:PRC_HICP_AIND(1.0),16/04/25 11:00:00,Annual,Annual average index,All-items HICP,Germany,2023,125.9,,
ESTAT:PRC_HICP_AIND(1.0),16/04/25 11:00:00,Annual,Annual average index,All-items HICP,Germany,2024,129.0,,
ESTAT:PRC_HICP_AIND(1.0),16/04/25 11:00:00,Annual,Annual average index,All-items HICP,Spain,2015,100.00,,
ESTAT:PRC_HICP_AIND(1.0),16/04/25 11:00:00,Annual,Annual average index,All-items HICP,Spain,2016,99.66,,
ESTAT:PRC_HICP_AIND(1.0),16/04/25 11:00:00,Annual,Annual average index,All-items HICP,Spain,2017,101.69,,
ESTAT:PRC_HICP_AIND(1.0),16/04/25 11:00:00,Annual,Annual average index,All-items HICP,Spain,2018,103.46,,
ESTAT:PRC_HICP_AIND(1.0),16/04/25 11:00:00,Annual,Annual average index,All-items HICP,Spain,2019,104.26,,
ESTAT:PRC_HICP_AIND(1.0),16/04/25 11:00:00,Annual,Annual average index,All-items HICP,Spain,2020,103.91,,
ESTAT:PRC_HICP_AIND(1.0),16/04/25 11:00:00,Annual,Annual average index,All-items HICP,Spain,2021,107.04,,
ESTAT:PRC_HICP_AIND(1.0),16/04/25 11:00:00,Annual,Annual average index,All-items HICP,Spain,2022,115.95,,
ESTAT:PRC_HICP_AIND(1.0),16/04/25 11:00:00,Annual,Annual average index,All-items HICP,Spain,2023,119.89,,
ESTAT:PRC_HICP_AIND(1.0),16/04/25 11:00:00,Annual,Annual average index,All-items HICP,Spain,2024,123.33,,
ESTAT:PRC_HICP_AIND(1.0),16/04/25 11:00:00,Annual,Annual average index,All-items HICP,France,2015,100.00,,
ESTAT:PRC_HICP_AIND(1.0),16/04/25 11:00:00,Annual,Annual average index,All-items HICP,France,2016,100.31,,
ESTAT:PRC_HICP_AIND(1.0),16/04/25 11:00:00,Annual,Annual average index,All-items HICP,France,2017,101.47,,
ESTAT:PRC_HICP_AIND(1.0),16/04/25 11:00:00,Annual,Annual average index,All-items HICP,France,2018,103.60,,
ESTAT:PRC_HICP_AIND(1.0),16/04/25 11:00:00,Annual,Annual average index,All-items HICP,France,2019,104.95,,
ESTAT:PRC_HICP_AIND(1.0),16/04/25 11:00:00,Annual,Annual average index,All-items HICP,France,2020,105.50,,
ESTAT:PRC_HICP_AIND(1.0),16/04/25 11:00:00,Annual,Annual average index,All-items HICP,France,2021,107.68,,
ESTAT:PRC_HICP_AIND(1.0),16/04/25 11:00:00,Annual,Annual average index,All-items HICP,France,2022,114.04,,
ESTAT:PRC_HICP_AIND(1.0),16/04/25 11:00:00,Annual,Annual average index,All-items HICP,France,2023,120.50,,
ESTAT:PRC_HICP_AIND(1.0),16/04/25 11:00:00,Annual,Annual average index,All-items HICP,France,2024,123.29,,
ESTAT:PRC_HICP_AIND(1.0),16/04/25 11:00:00,Annual,Annual average index,All-items HICP,Italy,2015,100.0,,
ESTAT:PRC_HICP_AIND(1.0),16/04/25 11:00:00,Annual,Annual average index,All-items HICP,Italy,2016,99.9,,
ESTAT:PRC_HICP_AIND(1.0),16/04/25 11:00:00,Annual,Annual average index,All-items HICP,Italy,2017,101.3,,
ESTAT:PRC_HICP_AIND(1.0),16/04/25 11:00:00,Annual,Annual average index,All-items HICP,Italy,2018,102.5,,
ESTAT:PRC_HICP_AIND(1.0),16/04/25 11:00:00,Annual,Annual average index,All-items HICP,Italy,2019,103.2,,
ESTAT:PRC_HICP_AIND(1.0),16/04/25 11:00:00,Annual,Annual average index,All-items HICP,Italy,2020,103.0,,
ESTAT:PRC_HICP_AIND(1.0),16/04/25 11:00:00,Annual,Annual average index,All-items HICP,Italy,2021,105.0,,
ESTAT:PRC_HICP_AIND(1.0),16/04/25 11:00:00,Annual,Annual average index,All-items HICP,Italy,2022,114.2,,
ESTAT:PRC_HICP_AIND(1.0),16/04/25 11:00:00,Annual,Annual average index,All-items HICP,Italy,2023,120.9,,
ESTAT:PRC_HICP_AIND(1.0),16/04/25 11:00:00,Annual,Annual average index,All-items HICP,Italy,2024,122.3,,
ESTAT:PRC_HICP_AIND(1.0),16/04/25 11:00:00,Annual,Annual average index,All-items HICP,Netherlands,2015,100.00,,
ESTAT:PRC_HICP_AIND(1.0),16/04/25 11:00:00,Annual,Annual average index,All-items HICP,Netherlands,2016,100.11,,
ESTAT:PRC_HICP_AIND(1.0),16/04/25 11:00:00,Annual,Annual average index,All-items HICP,Netherlands,2017,101.40,,
ESTAT:PRC_HICP_AIND(1.0),16/04/25 11:00:00,Annual,Annual average index,All-items HICP,Netherlands,2018,103.02,,
ESTAT:PRC_HICP_AIND(1.0),16/04/25 11:00:00,Annual,Annual average index,All-items HICP,Netherlands,2019,105.78,,
ESTAT:PRC_HICP_AIND(1.0),16/04/25 11:00:00,Annual,Annual average index,All-items HICP,Netherlands,2020,106.96,,
ESTAT:PRC_HICP_AIND(1.0),16/04/25 11:00:00,Annual,Annual average index,All-items HICP,Netherlands,2021,109.98,,
ESTAT:PRC_HICP_AIND(1.0),16/04/25 11:00:00,Annual,Annual average index,All-items HICP,Netherlands,2022,122.78,,
ESTAT:PRC_HICP_AIND(1.0),16/04/25 11:00:00,Annual,Annual average index,All-items HICP,Netherlands,2023,127.81,,
ESTAT:PRC_HICP_AIND(1.0),16/04/25 11:00:00,Annual,Annual average index,All-items HICP,Netherlands,2024,131.92,,
ESTAT:PRC_HICP_AIND(1.0),16/04/25 11:00:00,Annual,Annual average index,All-items HICP,Portugal,2015,100.00,,
ESTAT:PRC_HICP_AIND(1.0),16/04/25 11:00:00,Annual,Annual average index,All-items HICP,Portugal,2016,100.64,,
ESTAT:PRC_HICP_AIND(1.0),16/04/25 11:00:00,Annual,Annual average index,All-items HICP,Portugal,2017,102.20,,
ESTAT:PRC_HICP_AIND(1.0),16/04/25 11:00:00,Annual,Annual average index,All-items HICP,Portugal,2018,103.40,,
ESTAT:PRC_HICP_AIND(1.0),16/04/25 11:00:00,Annual,Annual average index,All-items HICP,Portugal,2019,103.71,,
ESTAT:PRC_HICP_AIND(1.0),16/04/25 11:00:00,Annual,Annual average index,All-items HICP,Portugal,2020,103.58,,
ESTAT:PRC_HICP_AIND(1.0),16/04/25 11:00:00,Annual,Annual average index,All-items HICP,Portugal,2021,104.55,,
ESTAT:PRC_HICP_AIND(1.0),16/04/25 11:00:00,Annual,Annual average index,All-items HICP,Portugal,2022,113.03,,
ESTAT:PRC_HICP_AIND(1.0),16/04/25 11:00:00,Annual,Annual average index,All-items HICP,Portugal,2023,118.98,,
ESTAT:PRC_HICP_AIND(1.0),16/04/25 11:00:00,Annual,Annual average index,All-items HICP,Portugal,2024,122.15,,
ESTAT:PRC_HICP_AIND(1.0),16/04/25 11:00:00,Annual,Annual average index,Food and non-alcoholic beverages,Austria,2015,100.00,,
ESTAT:PRC_HICP_AIND(1.0),16/04/25 11:00:00,Annual,Annual average index,Food and non-alcoholic beverages,Austria,2016,100.70,,
ESTAT:PRC_HICP_AIND(1.0),16/04/25 11:00:00,Annual,Annual average index,Food and non-alcoholic beverages,Austria,2017,103.04,,
ESTAT:PRC_HICP_AIND(1.0),16/04/25 11:00:00,Annual,Annual average index,Food and non-alcoholic beverages,Austria,2018,104.59,,
ESTAT:PRC_HICP_AIND(1.0),16/04/25 11:00:00,Annual,Annual average index,Food and non-alcoholic beverages,Austria,2019,105.74,,
ESTAT:PRC_HICP_AIND(1.0),16/04/25 11:00:00,Annual,Annual average index,Food and non-alcoholic beverages,Austria,2020,108.19,,
ESTAT:PRC_HICP_AIND(1.0),16/04/25 11:00:00,Annual,Annual average index,Food and non-alcoholic beverages,Austria,2021,108.94,,
ESTAT:PRC_HICP_AIND(1.0),16/04/25 11:00:00,Annual,Annual average index,Food and non-alcoholic beverages,Austria,2022,120.63,,
ESTAT:PRC_HICP_AIND(1.0),16/04/25 11:00:00,Annual,Annual average index,Food and non-alcoholic beverages,Austria,2023,133.92,,
ESTAT:PRC_HICP_AIND(1.0),16/04/25 11:00:00,Annual,Annual average index,Food and non-alcoholic beverages,Austria,2024,137.52,,
ESTAT:PRC_HICP_AIND(1.0),16/04/25 11:00:00,Annual,Annual average index,Food and non-alcoholic beverages,Belgium,2015,100.00,,
ESTAT:PRC_HICP_AIND(1.0),16/04/25 11:00:00,Annual,Annual average index,Food and non-alcoholic beverages,Belgium,2016,102.02,,
ESTAT:PRC_HICP_AIND(1.0),16/04/25 11:00:00,Annual,Annual average index,Food and non-alcoholic beverages,Belgium,2017,102.82,,
ESTAT:PRC_HICP_AIND(1.0),16/04/25 11:00:00,Annual,Annual average index,Food and non-alcoholic beverages,Belgium,2018,104.95,,
ESTAT:PRC_HICP_AIND(1.0),16/04/25 11:00:00,Annual,Annual average index,Food and non-alcoholic beverages,Belgium,2019,105.59,,
ESTAT:PRC_HICP_AIND(1.0),16/04/25 11:00:00,Annual,Annual average index,Food and non-alcoholic beverages,Belgium,2020,108.40,,
ESTAT:PRC_HICP_AIND(1.0),16/04/25 11:00:00,Annual,Annual average index,Food and non-alcoholic beverages,Belgium,2021,107.90,,
ESTAT:PRC_HICP_AIND(1.0),16/04/25 11:00:00,Annual,Annual average index,Food and non-alcoholic beverages,Belgium,2022,117.62,,
ESTAT:PRC_HICP_AIND(1.0),16/04/25 11:00:00,Annual,Annual average index,Food and non-alcoholic beverages,Belgium,2023,133.85,,
ESTAT:PRC_HICP_AIND(1.0),16/04/25 11:00:00,Annual,Annual average index,Food and non-alcoholic beverages,Belgium,2024,136.63,,
ESTAT:PRC_HICP_AIND(1.0),16/04/25 11:00:00,Annual,Annual average index,Food and non-alcoholic beverages,Germany,2015,100.0,,
ESTAT:PRC_HICP_AIND(1.0),16/04/25 11:00:00,Annual,Annual average index,Food and non-alcoholic beverages,Germany,2016,100.9,,
ESTAT:PRC_HICP_AIND(1.0),16/04/25 11:00:00,Annual,Annual average index,Food and non-alcoholic beverages,Germany,2017,103.8,,
ESTAT:PRC_HICP_AIND(1.0),16/04/25 11:00:00,Annual,Annual average index,Food and non-alcoholic beverages,Germany,2018,106.2,,
ESTAT:PRC_HICP_AIND(1.0),16/04/25 11:00:00,Annual,Annual average index,Food and non-alcoholic beverages,Germany,2019,107.5,,
ESTAT:PRC_HICP_AIND(1.0),16/04/25 11:00:00,Annual,Annual average index,Food and non-alcoholic beverages,Germany,2020,109.9,,
ESTAT:PRC_HICP_AIND(1.0),16/04/25 11:00:00,Annual,Annual average index,Food and non-alcoholic beverages,Germany,2021,113.3,,
ESTAT:PRC_HICP_AIND(1.0),16/04/25 11:00:00,Annual,Annual average index,Food and non-alcoholic beverages,Germany,2022,127.6,,
ESTAT:PRC_HICP_AIND(1.0),16/04/25 11:00:00,Annual,Annual average index,Food and non-alcoholic beverages,Germany,2023,143.7,,
ESTAT:PRC_HICP_AIND(1.0),16/04/25 11:00:00,Annual,Annual average index,Food and non-alcoholic beverages,Germany,2024,147.1,,
ESTAT:PRC_HICP_AIND(1.0),16/04/25 11:00:00,Annual,Annual average index,Food and non-alcoholic beverages,Spain,2015,100.00,,
ESTAT:PRC_HICP_AIND(1.0),16/04/25 11:00:00,Annual,Annual average index,Food and non-alcoholic beverages,Spain,2016,101.40,,
ESTAT:PRC_HICP_AIND(1.0),16/04/25 11:00:00,Annual,Annual average index,Food and non-alcoholic beverages,Spain,2017,102.65,,
ESTAT:PRC_HICP_AIND(1.0),16/04/25 11:00:00,Annual,Annual average index,Food and non-alcoholic beverages,Spain,2018,104.34,,
ESTAT:PRC_HICP_AIND(1.0),16/04/25 11:00:00,Annual,Annual average index,Food and non-alcoholic beverages,Spain,2019,105.42,,
ESTAT:PRC_HICP_AIND(1.0),16/04/25 11:00:00,Annual,Annual average index,Food and non-alcoholic beverages,Spain,2020,107.90,,
ESTAT:PRC_HICP_AIND(1.0),16/04/25 11:00:00,Annual,Annual average index,Food and non-alcoholic beverages,Spain,2021,109.89,,
ESTAT:PRC_HICP_AIND(1.0),16/04/25 11:00:00,Annual,Annual average index,Food and non-alcoholic beverages,Spain,2022,122.69,,
ESTAT:PRC_HICP_AIND(1.0),16/04/25 11:00:00,Annual,Annual average index,Food and non-alcoholic beverages,Spain,2023,136.99,,
ESTAT:PRC_HICP_AIND(1.0),16/04/25 11:00:00,Annual,Annual average index,Food and non-alcoholic beverages,Spain,2024,141.87,,
ESTAT:PRC_HICP_AIND(1.0),16/04/25 11:00:00,Annual,Annual average index,Food and non-alcoholic beverages,France,2015,100.00,,
ESTAT:PRC_HICP_AIND(1.0),16/04/25 11:00:00,Annual,Annual average index,Food and non-alcoholic beverages,France,2016,100.56,,
ESTAT:PRC_HICP_AIND(1.0),16/04/25 11:00:00,Annual,Annual average index,Food and non-alcoholic beverages,France,2017,101.65,,
ESTAT:PRC_HICP_AIND(1.0),16/04/25 11:00:00,Annual,Annual average index,Food and non-alcoholic beverages,France,2018,103.65,,
ESTAT:PRC_HICP_AIND(1.0),16/04/25 11:00:00,Annual,Annual average index,Food and non-alcoholic beverages,France,2019,106.19,,
ESTAT:PRC_HICP_AIND(1.0),16/04/25 11:00:00,Annual,Annual average index,Food and non-alcoholic beverages,France,2020,108.33,,
ESTAT:PRC_HICP_AIND(1.0),16/04/25 11:00:00,Annual,Annual average index,Food and non-alcoholic beverages,France,2021,109.00,,
ESTAT:PRC_HICP_AIND(1.0),16/04/25 11:00:00,Annual,Annual average index,Food and non-alcoholic beverages,France,2022,116.93,,
ESTAT:PRC_HICP_AIND(1.0),16/04/25 11:00:00,Annual,Annual average index,Food and non-alcoholic beverages,France,2023,131.37,,
ESTAT:PRC_HICP_AIND(1.0),16/04/25 11:00:00,Annual,Annual average index,Food and non-alcoholic beverages,France,2024,133.16,,
ESTAT:PRC_HICP_AIND(1.0),16/04/25 11:00:00,Annual,Annual average index,Food and non-alcoholic beverages,Italy,2015,100.0,,
ESTAT:PRC_HICP_AIND(1.0),16/04/25 11:00:00,Annual,Annual average index,Food and non-alcoholic beverages,Italy,2016,100.2,,
ESTAT:PRC_HICP_AIND(1.0),16/04/25 11:00:00,Annual,Annual average index,Food and non-alcoholic beverages,Italy,2017,102.2,,
ESTAT:PRC_HICP_AIND(1.0),16/04/25 11:00:00,Annual,Annual average index,Food and non-alcoholic beverages,Italy,2018,103.4,,
ESTAT:PRC_HICP_AIND(1.0),16/04/25 11:00:00,Annual,Annual average index,Food and non-alcoholic beverages,Italy,2019,104.2,,
ESTAT:PRC_HICP_AIND(1.0),16/04/25 11:00:00,Annual,Annual average index,Food and non-alcoholic beverages,Italy,2020,105.7,,
ESTAT:PRC_HICP_AIND(1.0),16/04/25 11:00:00,Annual,Annual average index,Food and non-alcoholic beverages,Italy,2021,106.3,,
ESTAT:PRC_HICP_AIND(1.0),16/04/25 11:00:00,Annual,Annual average index,Food and non-alcoholic beverages,Italy,2022,116.2,,
ESTAT:PRC_HICP_AIND(1.0),16/04/25 11:00:00,Annual,Annual average index,Food and non-alcoholic beverages,Italy,2023,128.0,,
ESTAT:PRC_HICP_AIND(1.0),16/04/25 11:00:00,Annual,Annual average index,Food and non-alcoholic beverages,Italy,2024,131.2,,
ESTAT:PRC_HICP_AIND(1.0),16/04/25 11:00:00,Annual,Annual average index,Food and non-alcoholic beverages,Netherlands,2015,100.00,,
ESTAT:PRC_HICP_AIND(1.0),16/04/25 11:00:00,Annual,Annual average index,Food and non-alcoholic beverages,Netherlands,2016,100.95,,
ESTAT:PRC_HICP_AIND(1.0),16/04/25 11:00:00,Annual,Annual average index,Food and non-alcoholic beverages,Netherlands,2017,103.62,,
ESTAT:PRC_HICP_AIND(1.0),16/04/25 11:00:00,Annual,Annual average index,Food and non-alcoholic beverages,Netherlands,2018,104.43,,
ESTAT:PRC_HICP_AIND(1.0),16/04/25 11:00:00,Annual,Annual average index,Food and non-alcoholic beverages,Netherlands,2019,108.63,,
ESTAT:PRC_HICP_AIND(1.0),16/04/25 11:00:00,Annual,Annual average index,Food and non-alcoholic beverages,Netherlands,2020,110.67,,
ESTAT:PRC_HICP_AIND(1.0),16/04/25 11:00:00,Annual,Annual average index,Food and non-alcoholic beverages,Netherlands,2021,110.45,,
ESTAT:PRC_HICP_AIND(1.0),16/04/25 11:00:00,Annual,Annual average index,Food and non-alcoholic beverages,Netherlands,2022,122.31,,
ESTAT:PRC_HICP_AIND(1.0),16/04/25 11:00:00,Annual,Annual average index,Food and non-alcoholic beverages,Netherlands,2023,136.84,,
ESTAT:PRC_HICP_AIND(1.0),16/04/25 11:00:00,Annual,Annual average index,Food and non-alcoholic beverages,Netherlands,2024,139.16,,
ESTAT:PRC_HICP_AIND(1.0),16/04/25 11:00:00,Annual,Annual average index,Food and non-alcoholic beverages,Portugal,2015,100.00,,
ESTAT:PRC_HICP_AIND(1.0),16/04/25 11:00:00,Annual,Annual average index,Food and non-alcoholic beverages,Portugal,2016,100.49,,
ESTAT:PRC_HICP_AIND(1.0),16/04/25 11:00:00,Annual,Annual average index,Food and non-alcoholic beverages,Portugal,2017,102.04,,
ESTAT:PRC_HICP_AIND(1.0),16/04/25 11:00:00,Annual,Annual average index,Food and non-alcoholic beverages,Portugal,2018,102.79,,
ESTAT:PRC_HICP_AIND(1.0),16/04/25 11:00:00,Annual,Annual average index,Food and non-alcoholic beverages,Portugal,2019,103.13,,
ESTAT:PRC_HICP_AIND(1.0),16/04/25 11:00:00,Annual,Annual average index,Food and non-alcoholic beverages,Portugal,2020,105.26,,
ESTAT:PRC_HICP_AIND(1.0),16/04/25 11:00:00,Annual,Annual average index,Food and non-alcoholic beverages,Portugal,2021,106.03,,
ESTAT:PRC_HICP_AIND(1.0),16/04/25 11:00:00,Annual,Annual average index,Food and non-alcoholic beverages,Portugal,2022,119.82,,
ESTAT:PRC_HICP_AIND(1.0),16/04/25 11:00:00,Annual,Annual average index,Food and non-alcoholic beverages,Portugal,2023,131.83,,
ESTAT:PRC_HICP_AIND(1.0),16/04/25 11:00:00,Annual,Annual average index,Food and non-alcoholic beverages,Portugal,2024,134.92,,
ESTAT:PRC_HICP_AIND(1.0),16/04/25 11:00:00,Annual,Annual average index,Food,Austria,2015,100.00,,
ESTAT:PRC_HICP_AIND(1.0),16/04/25 11:00:00,Annual,Annual average index,Food,Austria,2016,100.64,,
ESTAT:PRC_HICP_AIND(1.0),16/04/25 11:00:00,Annual,Annual average index,Food,Austria,2017,102.96,,
ESTAT:PRC_HICP_AIND(1.0),16/04/25 11:00:00,Annual,Annual average index,Food,Austria,2018,104.48,,
ESTAT:PRC_HICP_AIND(1.0),16/04/25 11:00:00,Annual,Annual average index,Food,Austria,2019,105.79,,
ESTAT:PRC_HICP_AIND(1.0),16/04/25 11:00:00,Annual,Annual average index,Food,Austria,2020,108.30,,
ESTAT:PRC_HICP_AIND(1.0),16/04/25 11:00:00,Annual,Annual average index,Food,Austria,2021,109.06,,
ESTAT:PRC_HICP_AIND(1.0),16/04/25 11:00:00,Annual,Annual average index,Food,Austria,2022,120.68,,
ESTAT:PRC_HICP_AIND(1.0),16/04/25 11:00:00,Annual,Annual average index,Food,Austria,2023,133.71,,
ESTAT:PRC_HICP_AIND(1.0),16/04/25 11:00:00,Annual,Annual average index,Food,Austria,2024,136.61,,
ESTAT:PRC_HICP_AIND(1.0),16/04/25 11:00:00,Annual,Annual average index,Food,Belgium,2015,100.00,,
ESTAT:PRC_HICP_AIND(1.0),16/04/25 11:00:00,Annual,Annual average index,Food,Belgium,2016,101.93,,
ESTAT:PRC_HICP_AIND(1.0),16/04/25 11:00:00,Annual,Annual average index,Food,Belgium,2017,102.67,,
ESTAT:PRC_HICP_AIND(1.0),16/04/25 11:00:00,Annual,Annual average index,Food,Belgium,2018,104.71,,
ESTAT:PRC_HICP_AIND(1.0),16/04/25 11:00:00,Annual,Annual average index,Food,Belgium,2019,105.42,,
ESTAT:PRC_HICP_AIND(1.0),16/04/25 11:00:00,Annual,Annual average index,Food,Belgium,2020,108.36,,
ESTAT:PRC_HICP_AIND(1.0),16/04/25 11:00:00,Annual,Annual average index,Food,Belgium,2021,107.89,,
ESTAT:PRC_HICP_AIND(1.0),16/04/25 11:00:00,Annual,Annual average index,Food,Belgium,2022,117.74,,
ESTAT:PRC_HICP_AIND(1.0),16/04/25 11:00:00,Annual,Annual average index,Food,Belgium,2023,134.37,,
ESTAT:PRC_HICP_AIND(1.0),16/04/25 11:00:00,Annual,Annual average index,Food,Belgium,2024,137.22,,
ESTAT:PRC_HICP_AIND(1.0),16/04/25 11:00:00,Annual,Annual average index,Food,Germany,2015,100.0,,
ESTAT:PRC_HICP_AIND(1.0),16/04/25 11:00:00,Annual,Annual average index,Food,Germany,2016,101.0,,
ESTAT:PRC_HICP_AIND(1.0),16/04/25 11:00:00,Annual,Annual average index,Food,Germany,2017,104.0,,
ESTAT:PRC_HICP_AIND(1.0),16/04/25 11:00:00,Annual,Annual average index,Food,Germany,2018,106.5,,
ESTAT:PRC_HICP_AIND(1.0),16/04/25 11:00:00,Annual,Annual average index,Food,Germany,2019,108.0,,
ESTAT:PRC_HICP_AIND(1.0),16/04/25 11:00:00,Annual,Annual average index,Food,Germany,2020,110.6,,
ESTAT:PRC_HICP_AIND(1.0),16/04/25 11:00:00,Annual,Annual average index,Food,Germany,2021,114.1,,
ESTAT:PRC_HICP_AIND(1.0),16/04/25 11:00:00,Annual,Annual average index,Food,Germany,2022,129.2,,
ESTAT:PRC_HICP_AIND(1.0),16/04/25 11:00:00,Annual,Annual average index,Food,Germany,2023,145.8,,
ESTAT:PRC_HICP_AIND(1.0),16/04/25 11:00:00,Annual,Annual average index,Food,Germany,2024,148.4,,
ESTAT:PRC_HICP_AIND(1.0),16/04/25 11:00:00,Annual,Annual average index,Food,Spain,2015,100.00,,
ESTAT:PRC_HICP_AIND(1.0),16/04/25 11:00:00,Annual,Annual average index,Food,Spain,2016,101.41,,
ESTAT:PRC_HICP_AIND(1.0),16/04/25 11:00:00,Annual,Annual average index,Food,Spain,2017,102.69,,
ESTAT:PRC_HICP_AIND(1.0),16/04/25 11:00:00,Annual,Annual average index,Food,Spain,2018,104.33,,
ESTAT:PRC_HICP_AIND(1.0),16/04/25 11:00:00,Annual,Annual average index,Food,Spain,2019,105.39,,
ESTAT:PRC_HICP_AIND(1.0),16/04/25 11:00:00,Annual,Annual average index,Food,Spain,2020,107.92,,
ESTAT:PRC_HICP_AIND(1.0),16/04/25 11:00:00,Annual,Annual average index,Food,Spain,2021,109.68,,
ESTAT:PRC_HICP_AIND(1.0),16/04/25 11:00:00,Annual,Annual average index,Food,Spain,2022,122.72,,
ESTAT:PRC_HICP_AIND(1.0),16/04/25 11:00:00,Annual,Annual average index,Food,Spain,2023,136.97,,
ESTAT:PRC_HICP_AIND(1.0),16/04/25 11:00:00,Annual,Annual average index,Food,Spain,2024,141.75,,
ESTAT:PRC_HICP_AIND(1.0),16/04/25 11:00:00,Annual,Annual average index,Food,France,2015,100.00,,
ESTAT:PRC_HICP_AIND(1.0),16/04/25 11:00:00,Annual,Annual average index,Food,France,2016,100.66,,
ESTAT:PRC_HICP_AIND(1.0),16/04/25 11:00:00,Annual,Annual average index,Food,France,2017,101.80,,
ESTAT:PRC_HICP_AIND(1.0),16/04/25 11:00:00,Annual,Annual average index,Food,France,2018,103.89,,
ESTAT:PRC_HICP_AIND(1.0),16/04/25 11:00:00,Annual,Annual average index,Food,France,2019,106.48,,
ESTAT:PRC_HICP_AIND(1.0),16/04/25 11:00:00,Annual,Annual average index,Food,France,2020,108.85,,
ESTAT:PRC_HICP_AIND(1.0),16/04/25 11:00:00,Annual,Annual average index,Food,France,2021,109.58,,
ESTAT:PRC_HICP_AIND(1.0),16/04/25 11:00:00,Annual,Annual average index,Food,France,2022,117.74,,
ESTAT:PRC_HICP_AIND(1.0),16/04/25 11:00:00,Annual,Annual average index,Food,France,2023,132.34,,
ESTAT:PRC_HICP_AIND(1.0),16/04/25 11:00:00,Annual,Annual average index,Food,France,2024,134.02,,
ESTAT:PRC_HICP_AIND(1.0),16/04/25 11:00:00,Annual,Annual average index,Food,Italy,2015,100.0,,
ESTAT:PRC_HICP_AIND(1.0),16/04/25 11:00:00,Annual,Annual average index,Food,Italy,2016,100.2,,
ESTAT:PRC_HICP_AIND(1.0),16/04/25 11:00:00,Annual,Annual average index,Food,Italy,2017,102.4,,
ESTAT:PRC_HICP_AIND(1.0),16/04/25 11:00:00,Annual,Annual average index,Food,Italy,2018,103.6,,
ESTAT:PRC_HICP_AIND(1.0),16/04/25 11:00:00,Annual,Annual average index,Food,Italy,2019,104.4,,
ESTAT:PRC_HICP_AIND(1.0),16/04/25 11:00:00,Annual,Annual average index,Food,Italy,2020,106.2,,
ESTAT:PRC_HICP_AIND(1.0),16/04/25 11:00:00,Annual,Annual average index,Food,Italy,2021,106.7,,
ESTAT:PRC_HICP_AIND(1.0),16/04/25 11:00:00,Annual,Annual average index,Food,Italy,2022,116.8,,
ESTAT:PRC_HICP_AIND(1.0),16/04/25 11:00:00,Annual,Annual average index,Food,Italy,2023,128.7,,
ESTAT:PRC_HICP_AIND(1.0),16/04/25 11:00:00,Annual,Annual average index,Food,Italy,2024,131.8,,
ESTAT:PRC_HICP_AIND(1.0),16/04/25 11:00:00,Annual,Annual average index,Food,Netherlands,2015,100.00,,
ESTAT:PRC_HICP_AIND(1.0),16/04/25 11:00:00,Annual,Annual average index,Food,Netherlands,2016,100.79,,
ESTAT:PRC_HICP_AIND(1.0),16/04/25 11:00:00,Annual,Annual average index,Food,Netherlands,2017,103.54,,
ESTAT:PRC_HICP_AIND(1.0),16/04/25 11:00:00,Annual,Annual average index,Food,Netherlands,2018,104.43,,
ESTAT:PRC_HICP_AIND(1.0),16/04/25 11:00:00,Annual,Annual average index,Food,Netherlands,2019,108.85,,
ESTAT:PRC_HICP_AIND(1.0),16/04/25 11:00:00,Annual,Annual average index,Food,Netherlands,2020,110.99,,
ESTAT:PRC_HICP_AIND(1.0),16/04/25 11:00:00,Annual,Annual average index,Food,Netherlands,2021,110.78,,
ESTAT:PRC_HICP_AIND(1.0),16/04/25 11:00:00,Annual,Annual average index,Food,Netherlands,2022,122.73,,
ESTAT:PRC_HICP_AIND(1.0),16/04/25 11:00:00,Annual,Annual average index,Food,Netherlands,2023,137.60,,
ESTAT:PRC_HICP_AIND(1.0),16/04/25 11:00:00,Annual,Annual average index,Food,Netherlands,2024,139.06,,
ESTAT:PRC_HICP_AIND(1.0),16/04/25 11:00:00,Annual,Annual average index,Food,Portugal,2015,100.00,,
ESTAT:PRC_HICP_AIND(1.0),16/04/25 11:00:00,Annual,Annual average index,Food,Portugal,2016,100.50,,
ESTAT:PRC_HICP_AIND(1.0),16/04/25 11:00:00,Annual,Annual average index,Food,Portugal,2017,101.72,,
ESTAT:PRC_HICP_AIND(1.0),16/04/25 11:00:00,Annual,Annual average index,Food,Portugal,2018,102.50,,
ESTAT:PRC_HICP_AIND(1.0),16/04/25 11:00:00,Annual,Annual average index,Food,Portugal,2019,102.78,,
ESTAT:PRC_HICP_AIND(1.0),16/04/25 11:00:00,Annual,Annual average index,Food,Portugal,2020,105.02,,
ESTAT:PRC_HICP_AIND(1.0),16/04/25 11:00:00,Annual,Annual average index,Food,Portugal,2021,105.89,,
ESTAT:PRC_HICP_AIND(1.0),16/04/25 11:00:00,Annual,Annual average index,Food,Portugal,2022,120.09,,
ESTAT:PRC_HICP_AIND(1.0),16/04/25 11:00:00,Annual,Annual average index,Food,Portugal,2023,132.07,,
ESTAT:PRC_HICP_AIND(1.0),16/04/25 11:00:00,Annual,Annual average index,Food,Portugal,2024,135.19,,
ESTAT:PRC_HICP_AIND(1.0),16/04/25 11:00:00,Annual,Annual average index,Bread and cereals,Austria,2015,100.00,,
ESTAT:PRC_HICP_AIND(1.0),16/04/25 11:00:00,Annual,Annual average index,Bread and cereals,Austria,2016,101.22,,
ESTAT:PRC_HICP_AIND(1.0),16/04/25 11:00:00,Annual,Annual average index,Bread and cereals,Austria,2017,102.82,,
ESTAT:PRC_HICP_AIND(1.0),16/04/25 11:00:00,Annual,Annual average index,Bread and cereals,Austria,2018,104.66,,
ESTAT:PRC_HICP_AIND(1.0),16/04/25 11:00:00,Annual,Annual average index,Bread and cereals,Austria,2019,106.48,,
ESTAT:PRC_HICP_AIND(1.0),16/04/25 11:00:00,Annual,Annual average index,Bread and cereals,Austria,2020,108.03,,
ESTAT:PRC_HICP_AIND(1.0),16/04/25 11:00:00,Annual,Annual average index,Bread and cereals,Austria,2021,109.11,,
ESTAT:PRC_HICP_AIND(1.0),16/04/25 11:00:00,Annual,Annual average index,Bread and cereals,Austria,2022,120.96,,
ESTAT:PRC_HICP_AIND(1.0),16/04/25 11:00:00,Annual,Annual average index,Bread and cereals,Austria,2023,136.15,,
ESTAT:PRC_HICP_AIND(1.0),16/04/25 11:00:00,Annual,Annual average index,Bread and cereals,Austria,2024,139.53,,
ESTAT:PRC_HICP_AIND(1.0),16/04/25 11:00:00,Annual,Annual average index,Bread and cereals,Belgium,2015,100.00,,
ESTAT:PRC_HICP_AIND(1.0),16/04/25 11:00:00,Annual,Annual average index,Bread and cereals,Belgium,2016,101.24,,
ESTAT:PRC_HICP_AIND(1.0),16/04/25 11:00:00,Annual,Annual average index,Bread and cereals,Belgium,2017,102.25,,
ESTAT:PRC_HICP_AIND(1.0),16/04/25 11:00:00,Annual,Annual average index,Bread and cereals,Belgium,2018,104.00,,
ESTAT:PRC_HICP_AIND(1.0),16/04/25 11:00:00,Annual,Annual average index,Bread and cereals,Belgium,2019,105.22,,
ESTAT:PRC_HICP_AIND(1.0),16/04/25 11:00:00,Annual,Annual average index,Bread and cereals,Belgium,2020,106.43,,
ESTAT:PRC_HICP_AIND(1.0),16/04/25 11:00:00,Annual,Annual average index,Bread and cereals,Belgium,2021,106.98,,
ESTAT:PRC_HICP_AIND(1.0),16/04/25 11:00:00,Annual,Annual average index,Bread and cereals,Belgium,2022,118.68,,
ESTAT:PRC_HICP_AIND(1.0),16/04/25 11:00:00,Annual,Annual average index,Bread and cereals,Belgium,2023,135.63,,
ESTAT:PRC_HICP_AIND(1.0),16/04/25 11:00:00,Annual,Annual average index,Bread and cereals,Belgium,2024,137.78,,
ESTAT:PRC_HICP_AIND(1.0),16/04/25 11:00:00,Annual,Annual average index,Bread and cereals,Germany,2015,100.0,,
ESTAT:PRC_HICP_AIND(1.0),16/04/25 11:00:00,Annual,Annual average index,Bread and cereals,Germany,2016,100.6,,
ESTAT:PRC_HICP_AIND(1.0),16/04/25 11:00:00,Annual,Annual average index,Bread and cereals,Germany,2017,101.0,,
ESTAT:PRC_HICP_AIND(1.0),16/04/25 11:00:00,Annual,Annual average index,Bread and cereals,Germany,2018,102.6,,
ESTAT:PRC_HICP_AIND(1.0),16/04/25 11:00:00,Annual,Annual average index,Bread and cereals,Germany,2019,105.1,,
ESTAT:PRC_HICP_AIND(1.0),16/04/25 11:00:00,Annual,Annual average index,Bread and cereals,Germany,2020,106.1,,
ESTAT:PRC_HICP_AIND(1.0),16/04/25 11:00:00,Annual,Annual average index,Bread and cereals,Germany,2021,109.6,,
ESTAT:PRC_HICP_AIND(1.0),16/04/25 11:00:00,Annual,Annual average index,Bread and cereals,Germany,2022,124.3,,
ESTAT:PRC_HICP_AIND(1.0),16/04/25 11:00:00,Annual,Annual average index,Bread and cereals,Germany,2023,144.9,,
ESTAT:PRC_HICP_AIND(1.0),16/04/25 11:00:00,Annual,Annual average index,Bread and cereals,Germany,2024,147.7,,
ESTAT:PRC_HICP_AIND(1.0),16/04/25 11:00:00,Annual,Annual average index,Bread and cereals,Spain,2015,100.00,,
ESTAT:PRC_HICP_AIND(1.0),16/04/25 11:00:00,Annual,Annual average index,Bread and cereals,Spain,2016,100.24,,
ESTAT:PRC_HICP_AIND(1.0),16/04/25 11:00:00,Annual,Annual average index,Bread and cereals,Spain,2017,99.87,,
ESTAT:PRC_HICP_AIND(1.0),16/04/25 11:00:00,Annual,Annual average index,Bread and cereals,Spain,2018,100.65,,
ESTAT:PRC_HICP_AIND(1.0),16/04/25 11:00:00,Annual,Annual average index,Bread and cereals,Spain,2019,101.82,,
ESTAT:PRC_HICP_AIND(1.0),16/04/25 11:00:00,Annual,Annual average index,Bread and cereals,Spain,2020,102.80,,
ESTAT:PRC_HICP_AIND(1.0),16/04/25 11:00:00,Annual,Annual average index,Bread and cereals,Spain,2021,103.55,,
ESTAT:PRC_HICP_AIND(1.0),16/04/25 11:00:00,Annual,Annual average index,Bread and cereals,Spain,2022,118.98,,
ESTAT:PRC_HICP_AIND(1.0),16/04/25 11:00:00,Annual,Annual average index,Bread and cereals,Spain,2023,131.69,,
ESTAT:PRC_HICP_AIND(1.0),16/04/25 11:00:00,Annual,Annual average index,Bread and cereals,Spain,2024,133.05,,
ESTAT:PRC_HICP_AIND(1.0),16/04/25 11:00:00,Annual,Annual average index,Bread and cereals,France,2015,100.00,,
ESTAT:PRC_HICP_AIND(1.0),16/04/25 11:00:00,Annual,Annual average index,Bread and cereals,France,2016,99.94,,
ESTAT:PRC_HICP_AIND(1.0),16/04/25 11:00:00,Annual,Annual average index,Bread and cereals,France,2017,100.28,,
ESTAT:PRC_HICP_AIND(1.0),16/04/25 11:00:00,Annual,Annual average index,Bread and cereals,France,2018,101.40,,
ESTAT:PRC_HICP_AIND(1.0),16/04/25 11:00:00,Annual,Annual average index,Bread and cereals,France,2019,102.97,,
ESTAT:PRC_HICP_AIND(1.0),16/04/25 11:00:00,Annual,Annual average index,Bread and cereals,France,2020,103.64,,
ESTAT:PRC_HICP_AIND(1.0),16/04/25 11:00:00,Annual,Annual average index,Bread and cereals,France,2021,104.11,,
ESTAT:PRC_HICP_AIND(1.0),16/04/25 11:00:00,Annual,Annual average index,Bread and cereals,France,2022,111.62,,
ESTAT:PRC_HICP_AIND(1.0),16/04/25 11:00:00,Annual,Annual average index,Bread and cereals,France,2023,125.36,,
ESTAT:PRC_HICP_AIND(1.0),16/04/25 11:00:00,Annual,Annual average index,Bread and cereals,France,2024,126.96,,
ESTAT:PRC_HICP_AIND(1.0),16/04/25 11:00:00,Annual,Annual average index,Bread and cereals,Italy,2015,100.0,,
ESTAT:PRC_HICP_AIND(1.0),16/04/25 11:00:00,Annual,Annual average index,Bread and cereals,Italy,2016,100.2,,
ESTAT:PRC_HICP_AIND(1.0),16/04/25 11:00:00,Annual,Annual average index,Bread and cereals,Italy,2017,100.3,,
ESTAT:PRC_HICP_AIND(1.0),16/04/25 11:00:00,Annual,Annual average index,Bread and cereals,Italy,2018,101.4,,
ESTAT:PRC_HICP_AIND(1.0),16/04/25 11:00:00,Annual,Annual average index,Bread and cereals,Italy,2019,101.8,,
ESTAT:PRC_HICP_AIND(1.0),16/04/25 11:00:00,Annual,Annual average index,Bread and cereals,Italy,2020,102.5,,
ESTAT:PRC_HICP_AIND(1.0),16/04/25 11:00:00,Annual,Annual average index,Bread and cereals,Italy,2021,103.1,,
ESTAT:PRC_HICP_AIND(1.0),16/04/25 11:00:00,Annual,Annual average index,Bread and cereals,Italy,2022,114.4,,
ESTAT:PRC_HICP_AIND(1.0),16/04/25 11:00:00,Annual,Annual average index,Bread and cereals,Italy,2023,126.8,,
ESTAT:PRC_HICP_AIND(1.0),16/04/25 11:00:00,Annual,Annual average index,Bread and cereals,Italy,2024,127.6,,
ESTAT:PRC_HICP_AIND(1.0),16/04/25 11:00:00,Annual,Annual average index,Bread and cereals,Netherlands,2015,100.00,,
ESTAT:PRC_HICP_AIND(1.0),16/04/25 11:00:00,Annual,Annual average index,Bread and cereals,Netherlands,2016,99.89,,
ESTAT:PRC_HICP_AIND(1.0),16/04/25 11:00:00,Annual,Annual average index,Bread and cereals,Netherlands,2017,100.57,,
ESTAT:PRC_HICP_AIND(1.0),16/04/25 11:00:00,Annual,Annual average index,Bread and cereals,Netherlands,2018,100.01,,
ESTAT:PRC_HICP_AIND(1.0),16/04/25 11:00:00,Annual,Annual average index,Bread and cereals,Netherlands,2019,104.14,,
ESTAT:PRC_HICP_AIND(1.0),16/04/25 11:00:00,Annual,Annual average index,Bread and cereals,Netherlands,2020,104.59,,
ESTAT:PRC_HICP_AIND(1.0),16/04/25 11:00:00,Annual,Annual average index,Bread and cereals,Netherlands,2021,104.77,,
ESTAT:PRC_HICP_AIND(1.0),16/04/25 11:00:00,Annual,Annual average index,Bread and cereals,Netherlands,2022,113.83,,
ESTAT:PRC_HICP_AIND(1.0),16/04/25 11:00:00,Annual,Annual average index,Bread and cereals,Netherlands,2023,131.44,,
ESTAT:PRC_HICP_AIND(1.0),16/04/25 11:00:00,Annual,Annual average index,Bread and cereals,Netherlands,2024,132.58,,
ESTAT:PRC_HICP_AIND(1.0),16/04/25 11:00:00,Annual,Annual average index,Bread and cereals,Portugal,2015,100.00,,
ESTAT:PRC_HICP_AIND(1.0),16/04/25 11:00:00,Annual,Annual average index,Bread and cereals,Portugal,2016,99.01,,
ESTAT:PRC_HICP_AIND(1.0),16/04/25 11:00:00,Annual,Annual average index,Bread and cereals,Portugal,2017,98.92,,
ESTAT:PRC_HICP_AIND(1.0),16/04/25 11:00:00,Annual,Annual average index,Bread and cereals,Portugal,2018,100.32,,
ESTAT:PRC_HICP_AIND(1.0),16/04/25 11:00:00,Annual,Annual average index,Bread and cereals,Portugal,2019,101.15,,
ESTAT:PRC_HICP_AIND(1.0),16/04/25 11:00:00,Annual,Annual average index,Bread and cereals,Portugal,2020,102.05,,
ESTAT:PRC_HICP_AIND(1.0),16/04/25 11:00:00,Annual,Annual average index,Bread and cereals,Portugal,2021,102.34,,
ESTAT:PRC_HICP_AIND(1.0),16/04/25 11:00:00,Annual,Annual average index,Bread and cereals,Portugal,2022,116.69,,
ESTAT:PRC_HICP_AIND(1.0),16/04/25 11:00:00,Annual,Annual average index,Bread and cereals,Portugal,2023,127.92,,
ESTAT:PRC_HICP_AIND(1.0),16/04/25 11:00:00,Annual,Annual average index,Bread and cereals,Portugal,2024,131.68,,
ESTAT:PRC_HICP_AIND(1.0),16/04/25 11:00:00,Annual,Annual average index,Rice,Austria,2015,100.00,,
ESTAT:PRC_HICP_AIND(1.0),16/04/25 11:00:00,Annual,Annual average index,Rice,Austria,2016,95.15,,
ESTAT:PRC_HICP_AIND(1.0),16/04/25 11:00:00,Annual,Annual average index,Rice,Austria,2017,97.04,,
ESTAT:PRC_HICP_AIND(1.0),16/04/25 11:00:00,Annual,Annual average index,Rice,Austria,2018,97.81,,
ESTAT:PRC_HICP_AIND(1.0),16/04/25 11:00:00,Annual,Annual average index,Rice,Austria,2019,100.29,,
ESTAT:PRC_HICP_AIND(1.0),16/04/25 11:00:00,Annual,Annual average index,Rice,Austria,2020,104.08,,
ESTAT:PRC_HICP_AIND(1.0),16/04/25 11:00:00,Annual,Annual average index,Rice,Austria,2021,102.58,,
ESTAT:PRC_HICP_AIND(1.0),16/04/25 11:00:00,Annual,Annual average index,Rice,Austria,2022,108.51,,
ESTAT:PRC_HICP_AIND(1.0),16/04/25 11:00:00,Annual,Annual average index,Rice,Austria,2023,127.05,,
ESTAT:PRC_HICP_AIND(1.0),16/04/25 11:00:00,Annual,Annual average index,Rice,Austria,2024,131.53,,
ESTAT:PRC_HICP_AIND(1.0),16/04/25 11:00:00,Annual,Annual average index,Rice,Belgium,2015,100.00,,
ESTAT:PRC_HICP_AIND(1.0),16/04/25 11:00:00,Annual,Annual average index,Rice,Belgium,2016,103.14,,
ESTAT:PRC_HICP_AIND(1.0),16/04/25 11:00:00,Annual,Annual average index,Rice,Belgium,2017,102.94,,
ESTAT:PRC_HICP_AIND(1.0),16/04/25 11:00:00,Annual,Annual average index,Rice,Belgium,2018,104.25,,
ESTAT:PRC_HICP_AIND(1.0),16/04/25 11:00:00,Annual,Annual average index,Rice,Belgium,2019,103.84,,
ESTAT:PRC_HICP_AIND(1.0),16/04/25 11:00:00,Annual,Annual average index,Rice,Belgium,2020,105.86,,
ESTAT:PRC_HICP_AIND(1.0),16/04/25 11:00:00,Annual,Annual average index,Rice,Belgium,2021,106.81,,
ESTAT:PRC_HICP_AIND(1.0),16/04/25 11:00:00,Annual,Annual average index,Rice,Belgium,2022,115.53,,
ESTAT:PRC_HICP_AIND(1.0),16/04/25 11:00:00,Annual,Annual average index,Rice,Belgium,2023,136.54,,
ESTAT:PRC_HICP_AIND(1.0),16/04/25 11:00:00,Annual,Annual average index,Rice,Belgium,2024,139.54,,
ESTAT:PRC_HICP_AIND(1.0),16/04/25 11:00:00,Annual,Annual average index,Rice,Germany,2015,100.0,,
ESTAT:PRC_HICP_AIND(1.0),16/04/25 11:00:00,Annual,Annual average index,Rice,Germany,2016,99.5,,
ESTAT:PRC_HICP_AIND(1.0),16/04/25 11:00:00,Annual,Annual average index,Rice,Germany,2017,100.4,,
ESTAT:PRC_HICP_AIND(1.0),16/04/25 11:00:00,Annual,Annual average index,Rice,Germany,2018,102.8,,
ESTAT:PRC_HICP_AIND(1.0),16/04/25 11:00:00,Annual,Annual average index,Rice,Germany,2019,106.8,,
ESTAT:PRC_HICP_AIND(1.0),16/04/25 11:00:00,Annual,Annual average index,Rice,Germany,2020,108.3,,
ESTAT:PRC_HICP_AIND(1.0),16/04/25 11:00:00,Annual,Annual average index,Rice,Germany,2021,111.7,,
ESTAT:PRC_HICP_AIND(1.0),16/04/25 11:00:00,Annual,Annual average index,Rice,Germany,2022,126.0,,
ESTAT:PRC_HICP_AIND(1.0),16/04/25 11:00:00,Annual,Annual average index,Rice,Germany,2023,147.8,,
ESTAT:PRC_HICP_AIND(1.0),16/04/25 11:00:00,Annual,Annual average index,Rice,Germany,2024,150.4,,
ESTAT:PRC_HICP_AIND(1.0),16/04/25 11:00:00,Annual,Annual average index,Rice,Spain,2016,101.20,,
ESTAT:PRC_HICP_AIND(1.0),16/04/25 11:00:00,Annual,Annual average index,Rice,Spain,2017,100.58,,
ESTAT:PRC_HICP_AIND(1.0),16/04/25 11:00:00,Annual,Annual average index,Rice,Spain,2018,101.74,,
ESTAT:PRC_HICP_AIND(1.0),16/04/25 11:00:00,Annual,Annual average index,Rice,Spain,2019,102.18,,
ESTAT:PRC_HICP_AIND(1.0),16/04/25 11:00:00,Annual,Annual average index,Rice,Spain,2020,103.34,,
ESTAT:PRC_HICP_AIND(1.0),16/04/25 11:00:00,Annual,Annual average index,Rice,Spain,2021,103.75,,
ESTAT:PRC_HICP_AIND(1.0),16/04/25 11:00:00,Annual,Annual average index,Rice,Spain,2022,116.34,,
ESTAT:PRC_HICP_AIND(1.0),16/04/25 11:00:00,Annual,Annual average index,Rice,Spain,2023,138.83,,
ESTAT:PRC_HICP_AIND(1.0),16/04/25 11:00:00,Annual,Annual average index,Rice,Spain,2024,140.71,,
ESTAT:PRC_HICP_AIND(1.0),16/04/25 11:00:00,Annual,Annual average index,Rice,France,2015,100.00,,
ESTAT:PRC_HICP_AIND(1.0),16/04/25 11:00:00,Annual,Annual average index,Rice,France,2016,97.85,,
ESTAT:PRC_HICP_AIND(1.0),16/04/25 11:00:00,Annual,Annual average index,Rice,France,2017,95.71,,
ESTAT:PRC_HICP_AIND(1.0),16/04/25 11:00:00,Annual,Annual average index,Rice,France,2018,96.63,,
ESTAT:PRC_HICP_AIND(1.0),16/04/25 11:00:00,Annual,Annual average index,Rice,France,2019,97.44,,
ESTAT:PRC_HICP_AIND(1.0),16/04/25 11:00:00,Annual,Annual average index,Rice,France,2020,97.48,,
ESTAT:PRC_HICP_AIND(1.0),16/04/25 11:00:00,Annual,Annual average index,Rice,France,2021,97.29,,
ESTAT:PRC_HICP_AIND(1.0),16/04/25 11:00:00,Annual,Annual average index,Rice,France,2022,105.22,,
ESTAT:PRC_HICP_AIND(1.0),16/04/25 11:00:00,Annual,Annual average index,Rice,France,2023,123.03,,
ESTAT:PRC_HICP_AIND(1.0),16/04/25 11:00:00,Annual,Annual average index,Rice,France,2024,124.54,,
ESTAT:PRC_HICP_AIND(1.0),16/04/25 11:00:00,Annual,Annual average index,Rice,Italy,2015,100.0,,
ESTAT:PRC_HICP_AIND(1.0),16/04/25 11:00:00,Annual,Annual average index,Rice,Italy,2016,101.5,,
ESTAT:PRC_HICP_AIND(1.0),16/04/25 11:00:00,Annual,Annual average index,Rice,Italy,2017,101.1,,
ESTAT:PRC_HICP_AIND(1.0),16/04/25 11:00:00,Annual,Annual average index,Rice,Italy,2018,101.5,,
ESTAT:PRC_HICP_AIND(1.0),16/04/25 11:00:00,Annual,Annual average index,Rice,Italy,2019,102.6,,
ESTAT:PRC_HICP_AIND(1.0),16/04/25 11:00:00,Annual,Annual average index,Rice,Italy,2020,103.1,,
ESTAT:PRC_HICP_AIND(1.0),16/04/25 11:00:00,Annual,Annual average index,Rice,Italy,2021,103.9,,
ESTAT:PRC_HICP_AIND(1.0),16/04/25 11:00:00,Annual,Annual average index,Rice,Italy,2022,122.4,,
ESTAT:PRC_HICP_AIND(1.0),16/04/25 11:00:00,Annual,Annual average index,Rice,Italy,2023,153.9,,
ESTAT:PRC_HICP_AIND(1.0),16/04/25 11:00:00,Annual,Annual average index,Rice,Italy,2024,150.4,,
ESTAT:PRC_HICP_AIND(1.0),16/04/25 11:00:00,Annual,Annual average index,Rice,Netherlands,2015,100.00,,
ESTAT:PRC_HICP_AIND(1.0),16/04/25 11:00:00,Annual,Annual average index,Rice,Netherlands,2016,96.89,,
ESTAT:PRC_HICP_AIND(1.0),16/04/25 11:00:00,Annual,Annual average index,Rice,Netherlands,2017,99.52,,
ESTAT:PRC_HICP_AIND(1.0),16/04/25 11:00:00,Annual,Annual average index,Rice,Netherlands,2018,97.20,,
ESTAT:PRC_HICP_AIND(1.0),16/04/25 11:00:00,Annual,Annual average index,Rice,Netherlands,2019,99.01,,
ESTAT:PRC_HICP_AIND(1.0),16/04/25 11:00:00,Annual,Annual average index,Rice,Netherlands,2020,101.12,,
ESTAT:PRC_HICP_AIND(1.0),16/04/25 11:00:00,Annual,Annual average index,Rice,Netherlands,2021,100.91,,
ESTAT:PRC_HICP_AIND(1.0),16/04/25 11:00:00,Annual,Annual average index,Rice,Netherlands,2022,110.40,,
ESTAT:PRC_HICP_AIND(1.0),16/04/25 11:00:00,Annual,Annual average index,Rice,Netherlands,2023,127.37,,
ESTAT:PRC_HICP_AIND(1.0),16/04/25 11:00:00,Annual,Annual average index,Rice,Netherlands,2024,125.75,,
ESTAT:PRC_HICP_AIND(1.0),16/04/25 11:00:00,Annual,Annual average index,Rice,Portugal,2015,100.00,,
ESTAT:PRC_HICP_AIND(1.0),16/04/25 11:00:00,Annual,Annual average index,Rice,Portugal,2016,97.87,,
ESTAT:PRC_HICP_AIND(1.0),16/04/25 11:00:00,Annual,Annual average index,Rice,Portugal,2017,99.21,,
ESTAT:PRC_HICP_AIND(1.0),16/04/25 11:00:00,Annual,Annual average index,Rice,Portugal,2018,99.91,,
ESTAT:PRC_HICP_AIND(1.0),16/04/25 11:00:00,Annual,Annual average index,Rice,Portugal,2019,101.50,,
ESTAT:PRC_HICP_AIND(1.0),16/04/25 11:00:00,Annual,Annual average index,Rice,Portugal,2020,106.47,,
ESTAT:PRC_HICP_AIND(1.0),16/04/25 11:00:00,Annual,Annual average index,Rice,Portugal,2021,106.45,,
ESTAT:PRC_HICP_AIND(1.0),16/04/25 11:00:00,Annual,Annual average index,Rice,Portugal,2022,125.07,,
ESTAT:PRC_HICP_AIND(1.0),16/04/25 11:00:00,Annual,Annual average index,Rice,Portugal,2023,153.49,,
ESTAT:PRC_HICP_AIND(1.0),16/04/25 11:00:00,Annual,Annual average index,Rice,Portugal,2024,155.63,,
ESTAT:PRC_HICP_AIND(1.0),16/04/25 11:00:00,Annual,Annual average rate of change,All-items HICP,Austria,2015,0.8,,
ESTAT:PRC_HICP_AIND(1.0),16/04/25 11:00:00,Annual,Annual average rate of change,All-items HICP,Austria,2016,1.0,,
ESTAT:PRC_HICP_AIND(1.0),16/04/25 11:00:00,Annual,Annual average rate of change,All-items HICP,Austria,2017,2.2,,
ESTAT:PRC_HICP_AIND(1.0),16/04/25 11:00:00,Annual,Annual average rate of change,All-items HICP,Austria,2018,2.1,,
ESTAT:PRC_HICP_AIND(1.0),16/04/25 11:00:00,Annual,Annual average rate of change,All-items HICP,Austria,2019,1.5,,
ESTAT:PRC_HICP_AIND(1.0),16/04/25 11:00:00,Annual,Annual average rate of change,All-items HICP,Austria,2020,1.4,,
ESTAT:PRC_HICP_AIND(1.0),16/04/25 11:00:00,Annual,Annual average rate of change,All-items HICP,Austria,2021,2.8,,
ESTAT:PRC_HICP_AIND(1.0),16/04/25 11:00:00,Annual,Annual average rate of change,All-items HICP,Austria,2022,8.6,,
ESTAT:PRC_HICP_AIND(1.0),16/04/25 11:00:00,Annual,Annual average rate of change,All-items HICP,Austria,2023,7.7,,
ESTAT:PRC_HICP_AIND(1.0),16/04/25 11:00:00,Annual,Annual average rate of change,All-items HICP,Austria,2024,2.9,,
ESTAT:PRC_HICP_AIND(1.0),16/04/25 11:00:00,Annual,Annual average rate of change,All-items HICP,Belgium,2015,0.6,,
ESTAT:PRC_HICP_AIND(1.0),16/04/25 11:00:00,Annual,Annual average rate of change,All-items HICP,Belgium,2016,1.8,,
ESTAT:PRC_HICP_AIND(1.0),16/04/25 11:00:00,Annual,Annual average rate of change,All-items HICP,Belgium,2017,2.2,,
ESTAT:PRC_HICP_AIND(1.0),16/04/25 11:00:00,Annual,Annual average rate of change,All-items HICP,Belgium,2018,2.3,,
ESTAT:PRC_HICP_AIND(1.0),16/04/25 11:00:00,Annual,Annual average rate of change,All-items HICP,Belgium,2019,1.2,,
ESTAT:PRC_HICP_AIND(1.0),16/04/25 11:00:00,Annual,Annual average rate of change,All-items HICP,Belgium,2020,0.4,,
ESTAT:PRC_HICP_AIND(1.0),16/04/25 11:00:00,Annual,Annual average rate of change,All-items HICP,Belgium,2021,3.2,,
ESTAT:PRC_HICP_AIND(1.0),16/04/25 11:00:00,Annual,Annual average rate of change,All-items HICP,Belgium,2022,10.3,,
ESTAT:PRC_HICP_AIND(1.0),16/04/25 11:00:00,Annual,Annual average rate of change,All-items HICP,Belgium,2023,2.3,,
ESTAT:PRC_HICP_AIND(1.0),16/04/25 11:00:00,Annual,Annual average rate of change,All-items HICP,Belgium,2024,4.3,,
ESTAT:PRC_HICP_AIND(1.0),16/04/25 11:00:00,Annual,Annual average rate of change,All-items HICP,Germany,2015,0.7,,
ESTAT:PRC_HICP_AIND(1.0),16/04/25 11:00:00,Annual,Annual average rate of change,All-items HICP,Germany,2016,0.4,,
ESTAT:PRC_HICP_AIND(1.0),16/04/25 11:00:00,Annual,Annual average rate of change,All-items HICP,Germany,2017,1.7,,
ESTAT:PRC_HICP_AIND(1.0),16/04/25 11:00:00,Annual,Annual average rate of change,All-items HICP,Germany,2018,1.9,,
ESTAT:PRC_HICP_AIND(1.0),16/04/25 11:00:00,Annual,Annual average rate of change,All-items HICP,Germany,2019,1.4,,
ESTAT:PRC_HICP_AIND(1.0),16/04/25 11:00:00,Annual,Annual average rate of change,All-items HICP,Germany,2020,0.4,,
ESTAT:PRC_HICP_AIND(1.0),16/04/25 11:00:00,Annual,Annual average rate of change,All-items HICP,Germany,2021,3.2,,
ESTAT:PRC_HICP_AIND(1.0),16/04/25 11:00:00,Annual,Annual average rate of change,All-items HICP,Germany,2022,8.7,,
ESTAT:PRC_HICP_AIND(1.0),16/04/25 11:00:00,Annual,Annual average rate of change,All-items HICP,Germany,2023,6.0,,
ESTAT:PRC_HICP_AIND(1.0),16/04/25 11:00:00,Annual,Annual average rate of change,All-items HICP,Germany,2024,2.5,,
ESTAT:PRC_HICP_AIND(1.0),16/04/25 11:00:00,Annual,Annual average rate of change,All-items HICP,Spain,2015,-0.6,,
ESTAT:PRC_HICP_AIND(1.0),16/04/25 11:00:00,Annual,Annual average rate of change,All-items HICP,Spain,2016,-0.3,,
ESTAT:PRC_HICP_AIND(1.0),16/04/25 11:00:00,Annual,Annual average rate of change,All-items HICP,Spain,2017,2.0,,
ESTAT:PRC_HICP_AIND(1.0),16/04/25 11:00:00,Annual,Annual average rate of change,All-items HICP,Spain,2018,1.7,,
ESTAT:PRC_HICP_AIND(1.0),16/04/25 11:00:00,Annual,Annual average rate of change,All-items HICP,Spain,2019,0.8,,
ESTAT:PRC_HICP_AIND(1.0),16/04/25 11:00:00,Annual,Annual average rate of change,All-items HICP,Spain,2020,-0.3,,
ESTAT:PRC_HICP_AIND(1.0),16/04/25 11:00:00,Annual,Annual average rate of change,All-items HICP,Spain,2021,3.0,,
ESTAT:PRC_HICP_AIND(1.0),16/04/25 11:00:00,Annual,Annual average rate of change,All-items HICP,Spain,2022,8.3,,
ESTAT:PRC_HICP_AIND(1.0),16/04/25 11:00:00,Annual,Annual average rate of change,All-items HICP,Spain,2023,3.4,,
ESTAT:PRC_HICP_AIND(1.0),16/04/25 11:00:00,Annual,Annual average rate of change,All-items HICP,Spain,2024,2.9,,
ESTAT:PRC_HICP_AIND(1.0),16/04/25 11:00:00,Annual,Annual average rate of change,All-items HICP,France,2015,0.1,,
ESTAT:PRC_HICP_AIND(1.0),16/04/25 11:00:00,Annual,Annual average rate of change,All-items HICP,France,2016,0.3,,
ESTAT:PRC_HICP_AIND(1.0),16/04/25 11:00:00,Annual,Annual average rate of change,All-items HICP,France,2017,1.2,,
ESTAT:PRC_HICP_AIND(1.0),16/04/25 11:00:00,Annual,Annual average rate of change,All-items HICP,France,2018,2.1,,
ESTAT:PRC_HICP_AIND(1.0),16/04/25 11:00:00,Annual,Annual average rate of change,All-items HICP,France,2019,1.3,,
ESTAT:PRC_HICP_AIND(1.0),16/04/25 11:00:00,Annual,Annual average rate of change,All-items HICP,France,2020,0.5,,
ESTAT:PRC_HICP_AIND(1.0),16/04/25 11:00:00,Annual,Annual average rate of change,All-items HICP,France,2021,2.1,,
ESTAT:PRC_HICP_AIND(1.0),16/04/25 11:00:00,Annual,Annual average rate of change,All-items HICP,France,2022,5.9,,
ESTAT:PRC_HICP_AIND(1.0),16/04/25 11:00:00,Annual,Annual average rate of change,All-items HICP,France,2023,5.7,,
ESTAT:PRC_HICP_AIND(1.0),16/04/25 11:00:00,Annual,Annual average rate of change,All-items HICP,France,2024,2.3,,
ESTAT:PRC_HICP_AIND(1.0),16/04/25 11:00:00,Annual,Annual average rate of change,All-items HICP,Italy,2015,0.1,,
ESTAT:PRC_HICP_AIND(1.0),16/04/25 11:00:00,Annual,Annual average rate of change,All-items HICP,Italy,2016,-0.1,,
ESTAT:PRC_HICP_AIND(1.0),16/04/25 11:00:00,Annual,Annual average rate of change,All-items HICP,Italy,2017,1.3,,
ESTAT:PRC_HICP_AIND(1.0),16/04/25 11:00:00,Annual,Annual average rate of change,All-items HICP,Italy,2018,1.2,,
ESTAT:PRC_HICP_AIND(1.0),16/04/25 11:00:00,Annual,Annual average rate of change,All-items HICP,Italy,2019,0.6,,
ESTAT:PRC_HICP_AIND(1.0),16/04/25 11:00:00,Annual,Annual average rate of change,All-items HICP,Italy,2020,-0.1,,
ESTAT:PRC_HICP_AIND(1.0),16/04/25 11:00:00,Annual,Annual average rate of change,All-items HICP,Italy,2021,1.9,,
ESTAT:PRC_HICP_AIND(1.0),16/04/25 11:00:00,Annual,Annual average rate of change,All-items HICP,Italy,2022,8.7,,
ESTAT:PRC_HICP_AIND(1.0),16/04/25 11:00:00,Annual,Annual average rate of change,All-items HICP,Italy,2023,5.9,,
ESTAT:PRC_HICP_AIND(1.0),16/04/25 11:00:00,Annual,Annual average rate of change,All-items HICP,Italy,2024,1.1,,
ESTAT:PRC_HICP_AIND(1.0),16/04/25 11:00:00,Annual,Annual average rate of change,All-items HICP,Netherlands,2015,0.2,,
ESTAT:PRC_HICP_AIND(1.0),16/04/25 11:00:00,Annual,Annual average rate of change,All-items HICP,Netherlands,2016,0.1,,
ESTAT:PRC_HICP_AIND(1.0),16/04/25 11:00:00,Annual,Annual average rate of change,All-items HICP,Netherlands,2017,1.3,,
ESTAT:PRC_HICP_AIND(1.0),16/04/25 11:00:00,Annual,Annual average rate of change,All-items HICP,Netherlands,2018,1.6,,
ESTAT:PRC_HICP_AIND(1.0),16/04/25 11:00:00,Annual,Annual average rate of change,All-items HICP,Netherlands,2019,2.7,,
ESTAT:PRC_HICP_AIND(1.0),16/04/25 11:00:00,Annual,Annual average rate of change,All-items HICP,Netherlands,2020,1.1,,
ESTAT:PRC_HICP_AIND(1.0),16/04/25 11:00:00,Annual,Annual average rate of change,All-items HICP,Netherlands,2021,2.8,,
ESTAT:PRC_HICP_AIND(1.0),16/04/25 11:00:00,Annual,Annual average rate of change,All-items HICP,Netherlands,2022,11.6,,
ESTAT:PRC_HICP_AIND(1.0),16/04/25 11:00:00,Annual,Annual average rate of change,All-items HICP,Netherlands,2023,4.1,,
ESTAT:PRC_HICP_AIND(1.0),16/04/25 11:00:00,Annual,Annual average rate of change,All-items HICP,Netherlands,2024,3.2,,
ESTAT:PRC_HICP_AIND(1.0),16/04/25 11:00:00,Annual,Annual average rate of change,All-items HICP,Portugal,2015,0.5,,
ESTAT:PRC_HICP_AIND(1.0),16/04/25 11:00:00,Annual,Annual average rate of change,All-items HICP,Portugal,2016,0.6,,
ESTAT:PRC_HICP_AIND(1.0),16/04/25 11:00:00,Annual,Annual average rate of change,All-items HICP,Portugal,2017,1.6,,
ESTAT:PRC_HICP_AIND(1.0),16/04/25 11:00:00,Annual,Annual average rate of change,All-items HICP,Portugal,2018,1.2,,
ESTAT:PRC_HICP_AIND(1.0),16/04/25 11:00:00,Annual,Annual average rate of change,All-items HICP,Portugal,2019,0.3,,
ESTAT:PRC_HICP_AIND(1.0),16/04/25 11:00:00,Annual,Annual average rate of change,All-items HICP,Portugal,2020,-0.1,,
ESTAT:PRC_HICP_AIND(1.0),16/04/25 11:00:00,Annual,Annual average rate of change,All-items HICP,Portugal,2021,0.9,,
ESTAT:PRC_HICP_AIND(1.0),16/04/25 11:00:00,Annual,Annual average rate of change,All-items HICP,Portugal,2022,8.1,,
ESTAT:PRC_HICP_AIND(1.0),16/04/25 11:00:00,Annual,Annual average rate of change,All-items HICP,Portugal,2023,5.3,,
ESTAT:PRC_HICP_AIND(1.0),16/04/25 11:00:00,Annual,Annual average rate of change,All-items HICP,Portugal,2024,2.7,,
ESTAT:PRC_HICP_AIND(1.0),16/04/25 11:00:00,Annual,Annual average rate of change,Food and non-alcoholic beverages,Austria,2015,0.8,,
ESTAT:PRC_HICP_AIND(1.0),16/04/25 11:00:00,Annual,Annual average rate of change,Food and non-alcoholic beverages,Austria,2016,0.7,,
ESTAT:PRC_HICP_AIND(1.0),16/04/25 11:00:00,Annual,Annual average rate of change,Food and non-alcoholic beverages,Austria,2017,2.3,,
ESTAT:PRC_HICP_AIND(1.0),16/04/25 11:00:00,Annual,Annual average rate of change,Food and non-alcoholic beverages,Austria,2018,1.5,,
ESTAT:PRC_HICP_AIND(1.0),16/04/25 11:00:00,Annual,Annual average rate of change,Food and non-alcoholic beverages,Austria,2019,1.1,,
ESTAT:PRC_HICP_AIND(1.0),16/04/25 11:00:00,Annual,Annual average rate of change,Food and non-alcoholic beverages,Austria,2020,2.3,,
ESTAT:PRC_HICP_AIND(1.0),16/04/25 11:00:00,Annual,Annual average rate of change,Food and non-alcoholic beverages,Austria,2021,0.7,,
ESTAT:PRC_HICP_AIND(1.0),16/04/25 11:00:00,Annual,Annual average rate of change,Food and non-alcoholic beverages,Austria,2022,10.7,,
ESTAT:PRC_HICP_AIND(1.0),16/04/25 11:00:00,Annual,Annual average rate of change,Food and non-alcoholic beverages,Austria,2023,11.0,,
ESTAT:PRC_HICP_AIND(1.0),16/04/25 11:00:00,Annual,Annual average rate of change,Food and non-alcoholic beverages,Austria,2024,2.7,,
ESTAT:PRC_HICP_AIND(1.0),16/04/25 11:00:00,Annual,Annual average rate of change,Food and non-alcoholic beverages,Belgium,2015,1.2,,
ESTAT:PRC_HICP_AIND(1.0),16/04/25 11:00:00,Annual,Annual average rate of change,Food and non-alcoholic beverages,Belgium,2016,2.0,,
ESTAT:PRC_HICP_AIND(1.0),16/04/25 11:00:00,Annual,Annual average rate of change,Food and non-alcoholic beverages,Belgium,2017,0.8,,
ESTAT:PRC_HICP_AIND(1.0),16/04/25 11:00:00,Annual,Annual average rate of change,Food and non-alcoholic beverages,Belgium,2018,2.1,,
ESTAT:PRC_HICP_AIND(1.0),16/04/25 11:00:00,Annual,Annual average rate of change,Food and non-alcoholic beverages,Belgium,2019,0.6,,
ESTAT:PRC_HICP_AIND(1.0),16/04/25 11:00:00,Annual,Annual average rate of change,Food and non-alcoholic beverages,Belgium,2020,2.7,,
ESTAT:PRC_HICP_AIND(1.0),16/04/25 11:00:00,Annual,Annual average rate of change,Food and non-alcoholic beverages,Belgium,2021,-0.5,,
ESTAT:PRC_HICP_AIND(1.0),16/04/25 11:00:00,Annual,Annual average rate of change,Food and non-alcoholic beverages,Belgium,2022,9.0,,
ESTAT:PRC_HICP_AIND(1.0),16/04/25 11:00:00,Annual,Annual average rate of change,Food and non-alcoholic beverages,Belgium,2023,13.8,,
ESTAT:PRC_HICP_AIND(1.0),16/04/25 11:00:00,Annual,Annual average rate of change,Food and non-alcoholic beverages,Belgium,2024,2.1,,
ESTAT:PRC_HICP_AIND(1.0),16/04/25 11:00:00,Annual,Annual average rate of change,Food and non-alcoholic beverages,Germany,2015,0.6,,
ESTAT:PRC_HICP_AIND(1.0),16/04/25 11:00:00,Annual,Annual average rate of change,Food and non-alcoholic beverages,Germany,2016,1.0,,
ESTAT:PRC_HICP_AIND(1.0),16/04/25 11:00:00,Annual,Annual average rate of change,Food and non-alcoholic beverages,Germany,2017,2.8,,
ESTAT:PRC_HICP_AIND(1.0),16/04/25 11:00:00,Annual,Annual average rate of change,Food and non-alcoholic beverages,Germany,2018,2.3,,
ESTAT:PRC_HICP_AIND(1.0),16/04/25 11:00:00,Annual,Annual average rate of change,Food and non-alcoholic beverages,Germany,2019,1.2,,
ESTAT:PRC_HICP_AIND(1.0),16/04/25 11:00:00,Annual,Annual average rate of change,Food and non-alcoholic beverages,Germany,2020,2.3,,
ESTAT:PRC_HICP_AIND(1.0),16/04/25 11:00:00,Annual,Annual average rate of change,Food and non-alcoholic beverages,Germany,2021,3.1,,
ESTAT:PRC_HICP_AIND(1.0),16/04/25 11:00:00,Annual,Annual average rate of change,Food and non-alcoholic beverages,Germany,2022,12.6,,
ESTAT:PRC_HICP_AIND(1.0),16/04/25 11:00:00,Annual,Annual average rate of change,Food and non-alcoholic beverages,Germany,2023,12.7,,
ESTAT:PRC_HICP_AIND(1.0),16/04/25 11:00:00,Annual,Annual average rate of change,Food and non-alcoholic beverages,Germany,2024,2.3,,
ESTAT:PRC_HICP_AIND(1.0),16/04/25 11:00:00,Annual,Annual average rate of change,Food and non-alcoholic beverages,Spain,2015,1.2,,
ESTAT:PRC_HICP_AIND(1.0),16/04/25 11:00:00,Annual,Annual average rate of change,Food and non-alcoholic beverages,Spain,2016,1.4,,
ESTAT:PRC_HICP_AIND(1.0),16/04/25 11:00:00,Annual,Annual average rate of change,Food and non-alcoholic beverages,Spain,2017,1.2,,
ESTAT:PRC_HICP_AIND(1.0),16/04/25 11:00:00,Annual,Annual average rate of change,Food and non-alcoholic beverages,Spain,2018,1.6,,
ESTAT:PRC_HICP_AIND(1.0),16/04/25 11:00:00,Annual,Annual average rate of change,Food and non-alcoholic beverages,Spain,2019,1.0,,
ESTAT:PRC_HICP_AIND(1.0),16/04/25 11:00:00,Annual,Annual average rate of change,Food and non-alcoholic beverages,Spain,2020,2.4,,
ESTAT:PRC_HICP_AIND(1.0),16/04/25 11:00:00,Annual,Annual average rate of change,Food and non-alcoholic beverages,Spain,2021,1.8,,
ESTAT:PRC_HICP_AIND(1.0),16/04/25 11:00:00,Annual,Annual average rate of change,Food and non-alcoholic beverages,Spain,2022,11.6,,
ESTAT:PRC_HICP_AIND(1.0),16/04/25 11:00:00,Annual,Annual average rate of change,Food and non-alcoholic beverages,Spain,2023,11.7,,
ESTAT:PRC_HICP_AIND(1.0),16/04/25 11:00:00,Annual,Annual average rate of change,Food and non-alcoholic beverages,Spain,2024,3.6,,
ESTAT:PRC_HICP_AIND(1.0),16/04/25 11:00:00,Annual,Annual average rate of change,Food and non-alcoholic beverages,France,2015,0.4,,
ESTAT:PRC_HICP_AIND(1.0),16/04/25 11:00:00,Annual,Annual average rate of change,Food and non-alcoholic beverages,France,2016,0.6,,
ESTAT:PRC_HICP_AIND(1.0),16/04/25 11:00:00,Annual,Annual average rate of change,Food and non-alcoholic beverages,France,2017,1.1,,
ESTAT:PRC_HICP_AIND(1.0),16/04/25 11:00:00,Annual,Annual average rate of change,Food and non-alcoholic beverages,France,2018,2.0,,
ESTAT:PRC_HICP_AIND(1.0),16/04/25 11:00:00,Annual,Annual average rate of change,Food and non-alcoholic beverages,France,2019,2.4,,
ESTAT:PRC_HICP_AIND(1.0),16/04/25 11:00:00,Annual,Annual average rate of change,Food and non-alcoholic beverages,France,2020,2.0,,
ESTAT:PRC_HICP_AIND(1.0),16/04/25 11:00:00,Annual,Annual average rate of change,Food and non-alcoholic beverages,France,2021,0.6,,
ESTAT:PRC_HICP_AIND(1.0),16/04/25 11:00:00,Annual,Annual average rate of change,Food and non-alcoholic beverages,France,2022,7.3,,
ESTAT:PRC_HICP_AIND(1.0),16/04/25 11:00:00,Annual,Annual average rate of change,Food and non-alcoholic beverages,France,2023,12.4,,
ESTAT:PRC_HICP_AIND(1.0),16/04/25 11:00:00,Annual,Annual average rate of change,Food and non-alcoholic beverages,France,2024,1.4,,
ESTAT:PRC_HICP_AIND(1.0),16/04/25 11:00:00,Annual,Annual average rate of change,Food and non-alcoholic beverages,Italy,2015,1.1,,
ESTAT:PRC_HICP_AIND(1.0),16/04/25 11:00:00,Annual,Annual average rate of change,Food and non-alcoholic beverages,Italy,2016,0.2,,
ESTAT:PRC_HICP_AIND(1.0),16/04/25 11:00:00,Annual,Annual average rate of change,Food and non-alcoholic beverages,Italy,2017,2.0,,
ESTAT:PRC_HICP_AIND(1.0),16/04/25 11:00:00,Annual,Annual average rate of change,Food and non-alcoholic beverages,Italy,2018,1.2,,
ESTAT:PRC_HICP_AIND(1.0),16/04/25 11:00:00,Annual,Annual average rate of change,Food and non-alcoholic beverages,Italy,2019,0.7,,
ESTAT:PRC_HICP_AIND(1.0),16/04/25 11:00:00,Annual,Annual average rate of change,Food and non-alcoholic beverages,Italy,2020,1.5,,
ESTAT:PRC_HICP_AIND(1.0),16/04/25 11:00:00,Annual,Annual average rate of change,Food and non-alcoholic beverages,Italy,2021,0.5,,
ESTAT:PRC_HICP_AIND(1.0),16/04/25 11:00:00,Annual,Annual average rate of change,Food and non-alcoholic beverages,Italy,2022,9.3,,
ESTAT:PRC_HICP_AIND(1.0),16/04/25 11:00:00,Annual,Annual average rate of change,Food and non-alcoholic beverages,Italy,2023,10.2,,
ESTAT:PRC_HICP_AIND(1.0),16/04/25 11:00:00,Annual,Annual average rate of change,Food and non-alcoholic beverages,Italy,2024,2.5,,
ESTAT:PRC_HICP_AIND(1.0),16/04/25 11:00:00,Annual,Annual average rate of change,Food and non-alcoholic beverages,Netherlands,2015,0.6,,
ESTAT:PRC_HICP_AIND(1.0),16/04/25 11:00:00,Annual,Annual average rate of change,Food and non-alcoholic beverages,Netherlands,2016,0.9,,
ESTAT:PRC_HICP_AIND(1.0),16/04/25 11:00:00,Annual,Annual average rate of change,Food and non-alcoholic beverages,Netherlands,2017,2.6,,
ESTAT:PRC_HICP_AIND(1.0),16/04/25 11:00:00,Annual,Annual average rate of change,Food and non-alcoholic beverages,Netherlands,2018,0.8,,
ESTAT:PRC_HICP_AIND(1.0),16/04/25 11:00:00,Annual,Annual average rate of change,Food and non-alcoholic beverages,Netherlands,2019,4.0,,
ESTAT:PRC_HICP_AIND(1.0),16/04/25 11:00:00,Annual,Annual average rate of change,Food and non-alcoholic beverages,Netherlands,2020,1.9,,
ESTAT:PRC_HICP_AIND(1.0),16/04/25 11:00:00,Annual,Annual average rate of change,Food and non-alcoholic beverages,Netherlands,2021,-0.2,,
ESTAT:PRC_HICP_AIND(1.0),16/04/25 11:00:00,Annual,Annual average rate of change,Food and non-alcoholic beverages,Netherlands,2022,10.7,,
ESTAT:PRC_HICP_AIND(1.0),16/04/25 11:00:00,Annual,Annual average rate of change,Food and non-alcoholic beverages,Netherlands,2023,11.9,,
ESTAT:PRC_HICP_AIND(1.0),16/04/25 11:00:00,Annual,Annual average rate of change,Food and non-alcoholic beverages,Netherlands,2024,1.7,,
ESTAT:PRC_HICP_AIND(1.0),16/04/25 11:00:00,Annual,Annual average rate of change,Food and non-alcoholic beverages,Portugal,2015,1.0,,
ESTAT:PRC_HICP_AIND(1.0),16/04/25 11:00:00,Annual,Annual average rate of change,Food and non-alcoholic beverages,Portugal,2016,0.5,,
ESTAT:PRC_HICP_AIND(1.0),16/04/25 11:00:00,Annual,Annual average rate of change,Food and non-alcoholic beverages,Portugal,2017,1.5,,
ESTAT:PRC_HICP_AIND(1.0),16/04/25 11:00:00,Annual,Annual average rate of change,Food and non-alcoholic beverages,Portugal,2018,0.7,,
ESTAT:PRC_HICP_AIND(1.0),16/04/25 11:00:00,Annual,Annual average rate of change,Food and non-alcoholic beverages,Portugal,2019,0.3,,
ESTAT:PRC_HICP_AIND(1.0),16/04/25 11:00:00,Annual,Annual average rate of change,Food and non-alcoholic beverages,Portugal,2020,2.1,,
ESTAT:PRC_HICP_AIND(1.0),16/04/25 11:00:00,Annual,Annual average rate of change,Food and non-alcoholic beverages,Portugal,2021,0.7,,
ESTAT:PRC_HICP_AIND(1.0),16/04/25 11:00:00,Annual,Annual average rate of change,Food and non-alcoholic beverages,Portugal,2022,13.0,,
ESTAT:PRC_HICP_AIND(1.0),16/04/25 11:00:00,Annual,Annual average rate of change,Food and non-alcoholic beverages,Portugal,2023,10.0,,
ESTAT:PRC_HICP_AIND(1.0),16/04/25 11:00:00,Annual,Annual average rate of change,Food and non-alcoholic beverages,Portugal,2024,2.3,,
ESTAT:PRC_HICP_AIND(1.0),16/04/25 11:00:00,Annual,Annual average rate of change,Food,Austria,2015,0.6,,
ESTAT:PRC_HICP_AIND(1.0),16/04/25 11:00:00,Annual,Annual average rate of change,Food,Austria,2016,0.6,,
ESTAT:PRC_HICP_AIND(1.0),16/04/25 11:00:00,Annual,Annual average rate of change,Food,Austria,2017,2.3,,
ESTAT:PRC_HICP_AIND(1.0),16/04/25 11:00:00,Annual,Annual average rate of change,Food,Austria,2018,1.5,,
ESTAT:PRC_HICP_AIND(1.0),16/04/25 11:00:00,Annual,Annual average rate of change,Food,Austria,2019,1.3,,
ESTAT:PRC_HICP_AIND(1.0),16/04/25 11:00:00,Annual,Annual average rate of change,Food,Austria,2020,2.4,,
ESTAT:PRC_HICP_AIND(1.0),16/04/25 11:00:00,Annual,Annual average rate of change,Food,Austria,2021,0.7,,
ESTAT:PRC_HICP_AIND(1.0),16/04/25 11:00:00,Annual,Annual average rate of change,Food,Austria,2022,10.7,,
ESTAT:PRC_HICP_AIND(1.0),16/04/25 11:00:00,Annual,Annual average rate of change,Food,Austria,2023,10.8,,
ESTAT:PRC_HICP_AIND(1.0),16/04/25 11:00:00,Annual,Annual average rate of change,Food,Austria,2024,2.2,,
ESTAT:PRC_HICP_AIND(1.0),16/04/25 11:00:00,Annual,Annual average rate of change,Food,Belgium,2015,1.1,,
ESTAT:PRC_HICP_AIND(1.0),16/04/25 11:00:00,Annual,Annual average rate of change,Food,Belgium,2016,1.9,,
ESTAT:PRC_HICP_AIND(1.0),16/04/25 11:00:00,Annual,Annual average rate of change,Food,Belgium,2017,0.7,,
ESTAT:PRC_HICP_AIND(1.0),16/04/25 11:00:00,Annual,Annual average rate of change,Food,Belgium,2018,2.0,,
ESTAT:PRC_HICP_AIND(1.0),16/04/25 11:00:00,Annual,Annual average rate of change,Food,Belgium,2019,0.7,,
ESTAT:PRC_HICP_AIND(1.0),16/04/25 11:00:00,Annual,Annual average rate of change,Food,Belgium,2020,2.8,,
ESTAT:PRC_HICP_AIND(1.0),16/04/25 11:00:00,Annual,Annual average rate of change,Food,Belgium,2021,-0.4,,
ESTAT:PRC_HICP_AIND(1.0),16/04/25 11:00:00,Annual,Annual average rate of change,Food,Belgium,2022,9.1,,
ESTAT:PRC_HICP_AIND(1.0),16/04/25 11:00:00,Annual,Annual average rate of change,Food,Belgium,2023,14.1,,
ESTAT:PRC_HICP_AIND(1.0),16/04/25 11:00:00,Annual,Annual average rate of change,Food,Belgium,2024,2.1,,
ESTAT:PRC_HICP_AIND(1.0),16/04/25 11:00:00,Annual,Annual average rate of change,Food,Germany,2015,0.7,,
ESTAT:PRC_HICP_AIND(1.0),16/04/25 11:00:00,Annual,Annual average rate of change,Food,Germany,2016,1.0,,
ESTAT:PRC_HICP_AIND(1.0),16/04/25 11:00:00,Annual,Annual average rate of change,Food,Germany,2017,3.0,,
ESTAT:PRC_HICP_AIND(1.0),16/04/25 11:00:00,Annual,Annual average rate of change,Food,Germany,2018,2.4,,
ESTAT:PRC_HICP_AIND(1.0),16/04/25 11:00:00,Annual,Annual average rate of change,Food,Germany,2019,1.4,,
ESTAT:PRC_HICP_AIND(1.0),16/04/25 11:00:00,Annual,Annual average rate of change,Food,Germany,2020,2.4,,
ESTAT:PRC_HICP_AIND(1.0),16/04/25 11:00:00,Annual,Annual average rate of change,Food,Germany,2021,3.1,,
ESTAT:PRC_HICP_AIND(1.0),16/04/25 11:00:00,Annual,Annual average rate of change,Food,Germany,2022,13.3,,
ESTAT:PRC_HICP_AIND(1.0),16/04/25 11:00:00,Annual,Annual average rate of change,Food,Germany,2023,12.9,,
ESTAT:PRC_HICP_AIND(1.0),16/04/25 11:00:00,Annual,Annual average rate of change,Food,Germany,2024,1.8,,
ESTAT:PRC_HICP_AIND(1.0),16/04/25 11:00:00,Annual,Annual average rate of change,Food,Spain,2015,1.2,,
ESTAT:PRC_HICP_AIND(1.0),16/04/25 11:00:00,Annual,Annual average rate of change,Food,Spain,2016,1.4,,
ESTAT:PRC_HICP_AIND(1.0),16/04/25 11:00:00,Annual,Annual average rate of change,Food,Spain,2017,1.3,,
ESTAT:PRC_HICP_AIND(1.0),16/04/25 11:00:00,Annual,Annual average rate of change,Food,Spain,2018,1.6,,
ESTAT:PRC_HICP_AIND(1.0),16/04/25 11:00:00,Annual,Annual average rate of change,Food,Spain,2019,1.0,,
ESTAT:PRC_HICP_AIND(1.0),16/04/25 11:00:00,Annual,Annual average rate of change,Food,Spain,2020,2.4,,
ESTAT:PRC_HICP_AIND(1.0),16/04/25 11:00:00,Annual,Annual average rate of change,Food,Spain,2021,1.6,,
ESTAT:PRC_HICP_AIND(1.0),16/04/25 11:00:00,Annual,Annual average rate of change,Food,Spain,2022,11.9,,
ESTAT:PRC_HICP_AIND(1.0),16/04/25 11:00:00,Annual,Annual average rate of change,Food,Spain,2023,11.6,,
ESTAT:PRC_HICP_AIND(1.0),16/04/25 11:00:00,Annual,Annual average rate of change,Food,Spain,2024,3.5,,
ESTAT:PRC_HICP_AIND(1.0),16/04/25 11:00:00,Annual,Annual average rate of change,Food,France,2015,0.5,,
ESTAT:PRC_HICP_AIND(1.0),16/04/25 11:00:00,Annual,Annual average rate of change,Food,France,2016,0.7,,
ESTAT:PRC_HICP_AIND(1.0),16/04/25 11:00:00,Annual,Annual average rate of change,Food,France,2017,1.1,,
ESTAT:PRC_HICP_AIND(1.0),16/04/25 11:00:00,Annual,Annual average rate of change,Food,France,2018,2.1,,
ESTAT:PRC_HICP_AIND(1.0),16/04/25 11:00:00,Annual,Annual average rate of change,Food,France,2019,2.5,,
ESTAT:PRC_HICP_AIND(1.0),16/04/25 11:00:00,Annual,Annual average rate of change,Food,France,2020,2.2,,
ESTAT:PRC_HICP_AIND(1.0),16/04/25 11:00:00,Annual,Annual average rate of change,Food,France,2021,0.7,,
ESTAT:PRC_HICP_AIND(1.0),16/04/25 11:00:00,Annual,Annual average rate of change,Food,France,2022,7.4,,
ESTAT:PRC_HICP_AIND(1.0),16/04/25 11:00:00,Annual,Annual average rate of change,Food,France,2023,12.4,,
ESTAT:PRC_HICP_AIND(1.0),16/04/25 11:00:00,Annual,Annual average rate of change,Food,France,2024,1.3,,
ESTAT:PRC_HICP_AIND(1.0),16/04/25 11:00:00,Annual,Annual average rate of change,Food,Italy,2015,1.2,,
ESTAT:PRC_HICP_AIND(1.0),16/04/25 11:00:00,Annual,Annual average rate of change,Food,Italy,2016,0.2,,
ESTAT:PRC_HICP_AIND(1.0),16/04/25 11:00:00,Annual,Annual average rate of change,Food,Italy,2017,2.1,,
ESTAT:PRC_HICP_AIND(1.0),16/04/25 11:00:00,Annual,Annual average rate of change,Food,Italy,2018,1.2,,
ESTAT:PRC_HICP_AIND(1.0),16/04/25 11:00:00,Annual,Annual average rate of change,Food,Italy,2019,0.8,,
ESTAT:PRC_HICP_AIND(1.0),16/04/25 11:00:00,Annual,Annual average rate of change,Food,Italy,2020,1.7,,
ESTAT:PRC_HICP_AIND(1.0),16/04/25 11:00:00,Annual,Annual average rate of change,Food,Italy,2021,0.5,,
ESTAT:PRC_HICP_AIND(1.0),16/04/25 11:00:00,Annual,Annual average rate of change,Food,Italy,2022,9.4,,
ESTAT:PRC_HICP_AIND(1.0),16/04/25 11:00:00,Annual,Annual average rate of change,Food,Italy,2023,10.2,,
ESTAT:PRC_HICP_AIND(1.0),16/04/25 11:00:00,Annual,Annual average rate of change,Food,Italy,2024,2.4,,
ESTAT:PRC_HICP_AIND(1.0),16/04/25 11:00:00,Annual,Annual average rate of change,Food,Netherlands,2015,0.5,,
ESTAT:PRC_HICP_AIND(1.0),16/04/25 11:00:00,Annual,Annual average rate of change,Food,Netherlands,2016,0.8,,
ESTAT:PRC_HICP_AIND(1.0),16/04/25 11:00:00,Annual,Annual average rate of change,Food,Netherlands,2017,2.7,,
ESTAT:PRC_HICP_AIND(1.0),16/04/25 11:00:00,Annual,Annual average rate of change,Food,Netherlands,2018,0.9,,
ESTAT:PRC_HICP_AIND(1.0),16/04/25 11:00:00,Annual,Annual average rate of change,Food,Netherlands,2019,4.2,,
ESTAT:PRC_HICP_AIND(1.0),16/04/25 11:00:00,Annual,Annual average rate of change,Food,Netherlands,2020,2.0,,
ESTAT:PRC_HICP_AIND(1.0),16/04/25 11:00:00,Annual,Annual average rate of change,Food,Netherlands,2021,-0.2,,
ESTAT:PRC_HICP_AIND(1.0),16/04/25 11:00:00,Annual,Annual average rate of change,Food,Netherlands,2022,10.8,,
ESTAT:PRC_HICP_AIND(1.0),16/04/25 11:00:00,Annual,Annual average rate of change,Food,Netherlands,2023,12.1,,
ESTAT:PRC_HICP_AIND(1.0),16/04/25 11:00:00,Annual,Annual average rate of change,Food,Netherlands,2024,1.1,,
ESTAT:PRC_HICP_AIND(1.0),16/04/25 11:00:00,Annual,Annual average rate of change,Food,Portugal,2015,1.0,,
ESTAT:PRC_HICP_AIND(1.0),16/04/25 11:00:00,Annual,Annual average rate of change,Food,Portugal,2016,0.5,,
ESTAT:PRC_HICP_AIND(1.0),16/04/25 11:00:00,Annual,Annual average rate of change,Food,Portugal,2017,1.2,,
ESTAT:PRC_HICP_AIND(1.0),16/04/25 11:00:00,Annual,Annual average rate of change,Food,Portugal,2018,0.8,,
ESTAT:PRC_HICP_AIND(1.0),16/04/25 11:00:00,Annual,Annual average rate of change,Food,Portugal,2019,0.3,,
ESTAT:PRC_HICP_AIND(1.0),16/04/25 11:00:00,Annual,Annual average rate of change,Food,Portugal,2020,2.2,,
ESTAT:PRC_HICP_AIND(1.0),16/04/25 11:00:00,Annual,Annual average rate of change,Food,Portugal,2021,0.8,,
ESTAT:PRC_HICP_AIND(1.0),16/04/25 11:00:00,Annual,Annual average rate of change,Food,Portugal,2022,13.4,,
ESTAT:PRC_HICP_AIND(1.0),16/04/25 11:00:00,Annual,Annual average rate of change,Food,Portugal,2023,10.0,,
ESTAT:PRC_HICP_AIND(1.0),16/04/25 11:00:00,Annual,Annual average rate of change,Food,Portugal,2024,2.4,,
ESTAT:PRC_HICP_AIND(1.0),16/04/25 11:00:00,Annual,Annual average rate of change,Bread and cereals,Austria,2015,1.6,,
ESTAT:PRC_HICP_AIND(1.0),16/04/25 11:00:00,Annual,Annual average rate of change,Bread and cereals,Austria,2016,1.2,,
ESTAT:PRC_HICP_AIND(1.0),16/04/25 11:00:00,Annual,Annual average rate of change,Bread and cereals,Austria,2017,1.6,,
ESTAT:PRC_HICP_AIND(1.0),16/04/25 11:00:00,Annual,Annual average rate of change,Bread and cereals,Austria,2018,1.8,,
ESTAT:PRC_HICP_AIND(1.0),16/04/25 11:00:00,Annual,Annual average rate of change,Bread and cereals,Austria,2019,1.7,,
ESTAT:PRC_HICP_AIND(1.0),16/04/25 11:00:00,Annual,Annual average rate of change,Bread and cereals,Austria,2020,1.5,,
ESTAT:PRC_HICP_AIND(1.0),16/04/25 11:00:00,Annual,Annual average rate of change,Bread and cereals,Austria,2021,1.0,,
ESTAT:PRC_HICP_AIND(1.0),16/04/25 11:00:00,Annual,Annual average rate of change,Bread and cereals,Austria,2022,10.9,,
ESTAT:PRC_HICP_AIND(1.0),16/04/25 11:00:00,Annual,Annual average rate of change,Bread and cereals,Austria,2023,12.6,,
ESTAT:PRC_HICP_AIND(1.0),16/04/25 11:00:00,Annual,Annual average rate of change,Bread and cereals,Austria,2024,2.5,,
ESTAT:PRC_HICP_AIND(1.0),16/04/25 11:00:00,Annual,Annual average rate of change,Bread and cereals,Belgium,2015,0.7,,
ESTAT:PRC_HICP_AIND(1.0),16/04/25 11:00:00,Annual,Annual average rate of change,Bread and cereals,Belgium,2016,1.2,,
ESTAT:PRC_HICP_AIND(1.0),16/04/25 11:00:00,Annual,Annual average rate of change,Bread and cereals,Belgium,2017,1.0,,
ESTAT:PRC_HICP_AIND(1.0),16/04/25 11:00:00,Annual,Annual average rate of change,Bread and cereals,Belgium,2018,1.7,,
ESTAT:PRC_HICP_AIND(1.0),16/04/25 11:00:00,Annual,Annual average rate of change,Bread and cereals,Belgium,2019,1.2,,
ESTAT:PRC_HICP_AIND(1.0),16/04/25 11:00:00,Annual,Annual average rate of change,Bread and cereals,Belgium,2020,1.1,,
ESTAT:PRC_HICP_AIND(1.0),16/04/25 11:00:00,Annual,Annual average rate of change,Bread and cereals,Belgium,2021,0.5,,
ESTAT:PRC_HICP_AIND(1.0),16/04/25 11:00:00,Annual,Annual average rate of change,Bread and cereals,Belgium,2022,10.9,,
ESTAT:PRC_HICP_AIND(1.0),16/04/25 11:00:00,Annual,Annual average rate of change,Bread and cereals,Belgium,2023,14.3,,
ESTAT:PRC_HICP_AIND(1.0),16/04/25 11:00:00,Annual,Annual average rate of change,Bread and cereals,Belgium,2024,1.6,,
ESTAT:PRC_HICP_AIND(1.0),16/04/25 11:00:00,Annual,Annual average rate of change,Bread and cereals,Germany,2015,1.5,,
ESTAT:PRC_HICP_AIND(1.0),16/04/25 11:00:00,Annual,Annual average rate of change,Bread and cereals,Germany,2016,0.6,,
ESTAT:PRC_HICP_AIND(1.0),16/04/25 11:00:00,Annual,Annual average rate of change,Bread and cereals,Germany,2017,0.4,,
ESTAT:PRC_HICP_AIND(1.0),16/04/25 11:00:00,Annual,Annual average rate of change,Bread and cereals,Germany,2018,1.6,,
ESTAT:PRC_HICP_AIND(1.0),16/04/25 11:00:00,Annual,Annual average rate of change,Bread and cereals,Germany,2019,2.4,,
ESTAT:PRC_HICP_AIND(1.0),16/04/25 11:00:00,Annual,Annual average rate of change,Bread and cereals,Germany,2020,1.0,,
ESTAT:PRC_HICP_AIND(1.0),16/04/25 11:00:00,Annual,Annual average rate of change,Bread and cereals,Germany,2021,3.3,,
ESTAT:PRC_HICP_AIND(1.0),16/04/25 11:00:00,Annual,Annual average rate of change,Bread and cereals,Germany,2022,13.4,,
ESTAT:PRC_HICP_AIND(1.0),16/04/25 11:00:00,Annual,Annual average rate of change,Bread and cereals,Germany,2023,16.6,,
ESTAT:PRC_HICP_AIND(1.0),16/04/25 11:00:00,Annual,Annual average rate of change,Bread and cereals,Germany,2024,2.0,,
ESTAT:PRC_HICP_AIND(1.0),16/04/25 11:00:00,Annual,Annual average rate of change,Bread and cereals,Spain,2015,0.1,,
ESTAT:PRC_HICP_AIND(1.0),16/04/25 11:00:00,Annual,Annual average rate of change,Bread and cereals,Spain,2016,0.2,,
ESTAT:PRC_HICP_AIND(1.0),16/04/25 11:00:00,Annual,Annual average rate of change,Bread and cereals,Spain,2017,-0.4,,
ESTAT:PRC_HICP_AIND(1.0),16/04/25 11:00:00,Annual,Annual average rate of change,Bread and cereals,Spain,2018,0.8,,
ESTAT:PRC_HICP_AIND(1.0),16/04/25 11:00:00,Annual,Annual average rate of change,Bread and cereals,Spain,2019,1.2,,
ESTAT:PRC_HICP_AIND(1.0),16/04/25 11:00:00,Annual,Annual average rate of change,Bread and cereals,Spain,2020,1.0,,
ESTAT:PRC_HICP_AIND(1.0),16/04/25 11:00:00,Annual,Annual average rate of change,Bread and cereals,Spain,2021,0.7,,
ESTAT:PRC_HICP_AIND(1.0),16/04/25 11:00:00,Annual,Annual average rate of change,Bread and cereals,Spain,2022,14.9,,
ESTAT:PRC_HICP_AIND(1.0),16/04/25 11:00:00,Annual,Annual average rate of change,Bread and cereals,Spain,2023,10.7,,
ESTAT:PRC_HICP_AIND(1.0),16/04/25 11:00:00,Annual,Annual average rate of change,Bread and cereals,Spain,2024,1.0,,
ESTAT:PRC_HICP_AIND(1.0),16/04/25 11:00:00,Annual,Annual average rate of change,Bread and cereals,France,2015,-0.2,,
ESTAT:PRC_HICP_AIND(1.0),16/04/25 11:00:00,Annual,Annual average rate of change,Bread and cereals,France,2016,-0.1,,
ESTAT:PRC_HICP_AIND(1.0),16/04/25 11:00:00,Annual,Annual average rate of change,Bread and cereals,France,2017,0.3,,
ESTAT:PRC_HICP_AIND(1.0),16/04/25 11:00:00,Annual,Annual average rate of change,Bread and cereals,France,2018,1.1,,
ESTAT:PRC_HICP_AIND(1.0),16/04/25 11:00:00,Annual,Annual average rate of change,Bread and cereals,France,2019,1.5,,
ESTAT:PRC_HICP_AIND(1.0),16/04/25 11:00:00,Annual,Annual average rate of change,Bread and cereals,France,2020,0.6,,
ESTAT:PRC_HICP_AIND(1.0),16/04/25 11:00:00,Annual,Annual average rate of change,Bread and cereals,France,2021,0.5,,
ESTAT:PRC_HICP_AIND(1.0),16/04/25 11:00:00,Annual,Annual average rate of change,Bread and cereals,France,2022,7.2,,
ESTAT:PRC_HICP_AIND(1.0),16/04/25 11:00:00,Annual,Annual average rate of change,Bread and cereals,France,2023,12.3,,
ESTAT:PRC_HICP_AIND(1.0),16/04/25 11:00:00,Annual,Annual average rate of change,Bread and cereals,France,2024,1.3,,
ESTAT:PRC_HICP_AIND(1.0),16/04/25 11:00:00,Annual,Annual average rate of change,Bread and cereals,Italy,2015,0.2,,
ESTAT:PRC_HICP_AIND(1.0),16/04/25 11:00:00,Annual,Annual average rate of change,Bread and cereals,Italy,2016,0.2,,
ESTAT:PRC_HICP_AIND(1.0),16/04/25 11:00:00,Annual,Annual average rate of change,Bread and cereals,Italy,2017,0.1,,
ESTAT:PRC_HICP_AIND(1.0),16/04/25 11:00:00,Annual,Annual average rate of change,Bread and cereals,Italy,2018,1.1,,
ESTAT:PRC_HICP_AIND(1.0),16/04/25 11:00:00,Annual,Annual average rate of change,Bread and cereals,Italy,2019,0.4,,
ESTAT:PRC_HICP_AIND(1.0),16/04/25 11:00:00,Annual,Annual average rate of change,Bread and cereals,Italy,2020,0.7,,
ESTAT:PRC_HICP_AIND(1.0),16/04/25 11:00:00,Annual,Annual average rate of change,Bread and cereals,Italy,2021,0.6,,
ESTAT:PRC_HICP_AIND(1.0),16/04/25 11:00:00,Annual,Annual average rate of change,Bread and cereals,Italy,2022,10.9,,
ESTAT:PRC_HICP_AIND(1.0),16/04/25 11:00:00,Annual,Annual average rate of change,Bread and cereals,Italy,2023,10.8,,
ESTAT:PRC_HICP_AIND(1.0),16/04/25 11:00:00,Annual,Annual average rate of change,Bread and cereals,Italy,2024,0.6,,
ESTAT:PRC_HICP_AIND(1.0),16/04/25 11:00:00,Annual,Annual average rate of change,Bread and cereals,Netherlands,2015,0.7,,
ESTAT:PRC_HICP_AIND(1.0),16/04/25 11:00:00,Annual,Annual average rate of change,Bread and cereals,Netherlands,2016,-0.1,,
ESTAT:PRC_HICP_AIND(1.0),16/04/25 11:00:00,Annual,Annual average rate of change,Bread and cereals,Netherlands,2017,0.7,,
ESTAT:PRC_HICP_AIND(1.0),16/04/25 11:00:00,Annual,Annual average rate of change,Bread and cereals,Netherlands,2018,-0.6,,
ESTAT:PRC_HICP_AIND(1.0),16/04/25 11:00:00,Annual,Annual average rate of change,Bread and cereals,Netherlands,2019,4.1,,
ESTAT:PRC_HICP_AIND(1.0),16/04/25 11:00:00,Annual,Annual average rate of change,Bread and cereals,Netherlands,2020,0.4,,
ESTAT:PRC_HICP_AIND(1.0),16/04/25 11:00:00,Annual,Annual average rate of change,Bread and cereals,Netherlands,2021,0.2,,
ESTAT:PRC_HICP_AIND(1.0),16/04/25 11:00:00,Annual,Annual average rate of change,Bread and cereals,Netherlands,2022,8.7,,
ESTAT:PRC_HICP_AIND(1.0),16/04/25 11:00:00,Annual,Annual average rate of change,Bread and cereals,Netherlands,2023,15.5,,
ESTAT:PRC_HICP_AIND(1.0),16/04/25 11:00:00,Annual,Annual average rate of change,Bread and cereals,Netherlands,2024,0.9,,
ESTAT:PRC_HICP_AIND(1.0),16/04/25 11:00:00,Annual,Annual average rate of change,Bread and cereals,Portugal,2015,0.6,,
ESTAT:PRC_HICP_AIND(1.0),16/04/25 11:00:00,Annual,Annual average rate of change,Bread and cereals,Portugal,2016,-1.0,,
ESTAT:PRC_HICP_AIND(1.0),16/04/25 11:00:00,Annual,Annual average rate of change,Bread and cereals,Portugal,2017,-0.1,,
ESTAT:PRC_HICP_AIND(1.0),16/04/25 11:00:00,Annual,Annual average rate of change,Bread and cereals,Portugal,2018,1.4,,
ESTAT:PRC_HICP_AIND(1.0),16/04/25 11:00:00,Annual,Annual average rate of change,Bread and cereals,Portugal,2019,0.8,,
ESTAT:PRC_HICP_AIND(1.0),16/04/25 11:00:00,Annual,Annual average rate of change,Bread and cereals,Portugal,2020,0.9,,
ESTAT:PRC_HICP_AIND(1.0),16/04/25 11:00:00,Annual,Annual average rate of change,Bread and cereals,Portugal,2021,0.3,,
ESTAT:PRC_HICP_AIND(1.0),16/04/25 11:00:00,Annual,Annual average rate of change,Bread and cereals,Portugal,2022,14.0,,
ESTAT:PRC_HICP_AIND(1.0),16/04/25 11:00:00,Annual,Annual average rate of change,Bread and cereals,Portugal,2023,9.6,,
ESTAT:PRC_HICP_AIND(1.0),16/04/25 11:00:00,Annual,Annual average rate of change,Bread and cereals,Portugal,2024,2.9,,
ESTAT:PRC_HICP_AIND(1.0),16/04/25 11:00:00,Annual,Annual average rate of change,Rice,Austria,2015,2.2,,
ESTAT:PRC_HICP_AIND(1.0),16/04/25 11:00:00,Annual,Annual average rate of change,Rice,Austria,2016,-4.8,,
ESTAT:PRC_HICP_AIND(1.0),16/04/25 11:00:00,Annual,Annual average rate of change,Rice,Austria,2017,2.0,,
ESTAT:PRC_HICP_AIND(1.0),16/04/25 11:00:00,Annual,Annual average rate of change,Rice,Austria,2018,0.8,,
ESTAT:PRC_HICP_AIND(1.0),16/04/25 11:00:00,Annual,Annual average rate of change,Rice,Austria,2019,2.5,,
ESTAT:PRC_HICP_AIND(1.0),16/04/25 11:00:00,Annual,Annual average rate of change,Rice,Austria,2020,3.8,,
ESTAT:PRC_HICP_AIND(1.0),16/04/25 11:00:00,Annual,Annual average rate of change,Rice,Austria,2021,-1.4,,
ESTAT:PRC_HICP_AIND(1.0),16/04/25 11:00:00,Annual,Annual average rate of change,Rice,Austria,2022,5.8,,
ESTAT:PRC_HICP_AIND(1.0),16/04/25 11:00:00,Annual,Annual average rate of change,Rice,Austria,2023,17.1,,
ESTAT:PRC_HICP_AIND(1.0),16/04/25 11:00:00,Annual,Annual average rate of change,Rice,Austria,2024,3.5,,
ESTAT:PRC_HICP_AIND(1.0),16/04/25 11:00:00,Annual,Annual average rate of change,Rice,Belgium,2015,-0.4,,
ESTAT:PRC_HICP_AIND(1.0),16/04/25 11:00:00,Annual,Annual average rate of change,Rice,Belgium,2016,3.1,,
ESTAT:PRC_HICP_AIND(1.0),16/04/25 11:00:00,Annual,Annual average rate of change,Rice,Belgium,2017,-0.2,,
ESTAT:PRC_HICP_AIND(1.0),16/04/25 11:00:00,Annual,Annual average rate of change,Rice,Belgium,2018,1.3,,
ESTAT:PRC_HICP_AIND(1.0),16/04/25 11:00:00,Annual,Annual average rate of change,Rice,Belgium,2019,-0.4,,
ESTAT:PRC_HICP_AIND(1.0),16/04/25 11:00:00,Annual,Annual average rate of change,Rice,Belgium,2020,1.9,,
ESTAT:PRC_HICP_AIND(1.0),16/04/25 11:00:00,Annual,Annual average rate of change,Rice,Belgium,2021,0.9,,
ESTAT:PRC_HICP_AIND(1.0),16/04/25 11:00:00,Annual,Annual average rate of change,Rice,Belgium,2022,8.2,,
ESTAT:PRC_HICP_AIND(1.0),16/04/25 11:00:00,Annual,Annual average rate of change,Rice,Belgium,2023,18.2,,
ESTAT:PRC_HICP_AIND(1.0),16/04/25 11:00:00,Annual,Annual average rate of change,Rice,Belgium,2024,2.2,,
ESTAT:PRC_HICP_AIND(1.0),16/04/25 11:00:00,Annual,Annual average rate of change,Rice,Germany,2016,-0.5,,
ESTAT:PRC_HICP_AIND(1.0),16/04/25 11:00:00,Annual,Annual average rate of change,Rice,Germany,2017,0.9,,
ESTAT:PRC_HICP_AIND(1.0),16/04/25 11:00:00,Annual,Annual average rate of change,Rice,Germany,2018,2.3,,
ESTAT:PRC_HICP_AIND(1.0),16/04/25 11:00:00,Annual,Annual average rate of change,Rice,Germany,2019,3.9,,
ESTAT:PRC_HICP_AIND(1.0),16/04/25 11:00:00,Annual,Annual average rate of change,Rice,Germany,2020,1.5,,
ESTAT:PRC_HICP_AIND(1.0),16/04/25 11:00:00,Annual,Annual average rate of change,Rice,Germany,2021,3.1,,
ESTAT:PRC_HICP_AIND(1.0),16/04/25 11:00:00,Annual,Annual average rate of change,Rice,Germany,2022,12.8,,
ESTAT:PRC_HICP_AIND(1.0),16/04/25 11:00:00,Annual,Annual average rate of change,Rice,Germany,2023,17.3,,
ESTAT:PRC_HICP_AIND(1.0),16/04/25 11:00:00,Annual,Annual average rate of change,Rice,Germany,2024,1.7,,
ESTAT:PRC_HICP_AIND(1.0),16/04/25 11:00:00,Annual,Annual average rate of change,Rice,Spain,2017,-0.6,,
ESTAT:PRC_HICP_AIND(1.0),16/04/25 11:00:00,Annual,Annual average rate of change,Rice,Spain,2018,1.2,,
ESTAT:PRC_HICP_AIND(1.0),16/04/25 11:00:00,Annual,Annual average rate of change,Rice,Spain,2019,0.4,,
ESTAT:PRC_HICP_AIND(1.0),16/04/25 11:00:00,Annual,Annual average rate of change,Rice,Spain,2020,1.1,,
ESTAT:PRC_HICP_AIND(1.0),16/04/25 11:00:00,Annual,Annual average rate of change,Rice,Spain,2021,0.4,,
ESTAT:PRC_HICP_AIND(1.0),16/04/25 11:00:00,Annual,Annual average rate of change,Rice,Spain,2022,12.1,,
ESTAT:PRC_HICP_AIND(1.0),16/04/25 11:00:00,Annual,Annual average rate of change,Rice,Spain,2023,19.3,,
ESTAT:PRC_HICP_AIND(1.0),16/04/25 11:00:00,Annual,Annual average rate of change,Rice,Spain,2024,1.4,,
ESTAT:PRC_HICP_AIND(1.0),16/04/25 11:00:00,Annual,Annual average rate of change,Rice,France,2015,-1.4,,
ESTAT:PRC_HICP_AIND(1.0),16/04/25 11:00:00,Annual,Annual average rate of change,Rice,France,2016,-2.1,,
ESTAT:PRC_HICP_AIND(1.0),16/04/25 11:00:00,Annual,Annual average rate of change,Rice,France,2017,-2.2,,
ESTAT:PRC_HICP_AIND(1.0),16/04/25 11:00:00,Annual,Annual average rate of change,Rice,France,2018,1.0,,
ESTAT:PRC_HICP_AIND(1.0),16/04/25 11:00:00,Annual,Annual average rate of change,Rice,France,2019,0.8,,
ESTAT:PRC_HICP_AIND(1.0),16/04/25 11:00:00,Annual,Annual average rate of change,Rice,France,2020,0.0,,
ESTAT:PRC_HICP_AIND(1.0),16/04/25 11:00:00,Annual,Annual average rate of change,Rice,France,2021,-0.2,,
ESTAT:PRC_HICP_AIND(1.0),16/04/25 11:00:00,Annual,Annual average rate of change,Rice,France,2022,8.1,,
ESTAT:PRC_HICP_AIND(1.0),16/04/25 11:00:00,Annual,Annual average rate of change,Rice,France,2023,16.9,,
ESTAT:PRC_HICP_AIND(1.0),16/04/25 11:00:00,Annual,Annual average rate of change,Rice,France,2024,1.2,,
ESTAT:PRC_HICP_AIND(1.0),16/04/25 11:00:00,Annual,Annual average rate of change,Rice,Italy,2015,2.4,,
ESTAT:PRC_HICP_AIND(1.0),16/04/25 11:00:00,Annual,Annual average rate of change,Rice,Italy,2016,1.4,,
ESTAT:PRC_HICP_AIND(1.0),16/04/25 11:00:00,Annual,Annual average rate of change,Rice,Italy,2017,-0.4,,
ESTAT:PRC_HICP_AIND(1.0),16/04/25 11:00:00,Annual,Annual average rate of change,Rice,Italy,2018,0.4,,
ESTAT:PRC_HICP_AIND(1.0),16/04/25 11:00:00,Annual,Annual average rate of change,Rice,Italy,2019,1.1,,
ESTAT:PRC_HICP_AIND(1.0),16/04/25 11:00:00,Annual,Annual average rate of change,Rice,Italy,2020,0.5,,
ESTAT:PRC_HICP_AIND(1.0),16/04/25 11:00:00,Annual,Annual average rate of change,Rice,Italy,2021,0.8,,
ESTAT:PRC_HICP_AIND(1.0),16/04/25 11:00:00,Annual,Annual average rate of change,Rice,Italy,2022,17.8,,
ESTAT:PRC_HICP_AIND(1.0),16/04/25 11:00:00,Annual,Annual average rate of change,Rice,Italy,2023,25.7,,
ESTAT:PRC_HICP_AIND(1.0),16/04/25 11:00:00,Annual,Annual average rate of change,Rice,Italy,2024,-2.3,,
ESTAT:PRC_HICP_AIND(1.0),16/04/25 11:00:00,Annual,Annual average rate of change,Rice,Netherlands,2015,-1.6,,
ESTAT:PRC_HICP_AIND(1.0),16/04/25 11:00:00,Annual,Annual average rate of change,Rice,Netherlands,2016,-3.1,,
ESTAT:PRC_HICP_AIND(1.0),16/04/25 11:00:00,Annual,Annual average rate of change,Rice,Netherlands,2017,2.7,,
ESTAT:PRC_HICP_AIND(1.0),16/04/25 11:00:00,Annual,Annual average rate of change,Rice,Netherlands,2018,-2.3,,
ESTAT:PRC_HICP_AIND(1.0),16/04/25 11:00:00,Annual,Annual average rate of change,Rice,Netherlands,2019,1.9,,
ESTAT:PRC_HICP_AIND(1.0),16/04/25 11:00:00,Annual,Annual average rate of change,Rice,Netherlands,2020,2.1,,
ESTAT:PRC_HICP_AIND(1.0),16/04/25 11:00:00,Annual,Annual average rate of change,Rice,Netherlands,2021,-0.2,,
ESTAT:PRC_HICP_AIND(1.0),16/04/25 11:00:00,Annual,Annual average rate of change,Rice,Netherlands,2022,9.4,,
ESTAT:PRC_HICP_AIND(1.0),16/04/25 11:00:00,Annual,Annual average rate of change,Rice,Netherlands,2023,15.4,,
ESTAT:PRC_HICP_AIND(1.0),16/04/25 11:00:00,Annual,Annual average rate of change,Rice,Netherlands,2024,-1.3,,
ESTAT:PRC_HICP_AIND(1.0),16/04/25 11:00:00,Annual,Annual average rate of change,Rice,Portugal,2016,-2.1,,
ESTAT:PRC_HICP_AIND(1.0),16/04/25 11:00:00,Annual,Annual average rate of change,Rice,Portugal,2017,1.4,,
ESTAT:PRC_HICP_AIND(1.0),16/04/25 11:00:00,Annual,Annual average rate of change,Rice,Portugal,2018,0.7,,
ESTAT:PRC_HICP_AIND(1.0),16/04/25 11:00:00,Annual,Annual average rate of change,Rice,Portugal,2019,1.6,,
ESTAT:PRC_HICP_AIND(1.0),16/04/25 11:00:00,Annual,Annual average rate of change,Rice,Portugal,2020,4.9,,
ESTAT:PRC_HICP_AIND(1.0),16/04/25 11:00:00,Annual,Annual average rate of change,Rice,Portugal,2021,0.0,,
ESTAT:PRC_HICP_AIND(1.0),16/04/25 11:00:00,Annual,Annual average rate of change,Rice,Portugal,2022,17.5,,
ESTAT:PRC_HICP_AIND(1.0),16/04/25 11:00:00,Annual,Annual average rate of change,Rice,Portugal,2023,22.7,,
ESTAT:PRC_HICP_AIND(1.0),16/04/25 11:00:00,Annual,Annual average rate of change,Rice,Portugal,2024,1.4,,
